platform,post_id,post_content,userName,text,date
tiktok,7611577833311210769,Se filtro la reunion de tus pies,armandomejiawriter,Gracioso necesito con quien correr,2026/03/03
tiktok,7611577833311210769,Se filtro la reunion de tus pies,luis.ysla12,Jajaja que buena,2026/03/02
tiktok,7611577833311210769,Se filtro la reunion de tus pies,bladimir.manuel7,deberian enfocarse en los que usamos zapatos de seguridad todo el santo dia esos pies sudan probare esto a ver que tal me resulta,2026/03/02
tiktok,7611577833311210769,Se filtro la reunion de tus pies,nikibuitrago,genial siempre Isana para refrescar mis pies,2026/02/28
tiktok,7611577833311210769,Se filtro la reunion de tus pies,bladimir.manuel7,jajajaja,2026/03/02
tiktok,7611577833311210769,Se filtro la reunion de tus pies,ronaldpontex,Yo tambien quiero,2026/03/04
tiktok,7613161410482228481,Reunion emergencia pies,bartolome064,emojis_risa,2026/03/16
tiktok,7614298578659331344,8M mujeres todoterreno,mama.mirella,lo maximo!!!,2026/03/12
tiktok,7614298578659331344,8M mujeres todoterreno,mafer2746,primeraa,2026/03/08
tiktok,7616796114997497089,Talco medias regreso clases,sofia.zevallos55,SIIII ESE TALCO ES EL MEJOR,2026/03/18
tiktok,7616796114997497089,Talco medias regreso clases,cl4rabustios,El mejor talco,2026/03/18
tiktok,7616796114997497089,Talco medias regreso clases,jhouna.on,Obvio el mejor,2026/03/18
tiktok,7616796114997497089,Talco medias regreso clases,nicoedu_2012,Isana...estas en la cima,2026/03/17
tiktok,7617997742291406081,Diario sobreviviente,gato_gosh,lo puedo conseguir en peru,2026/03/19
tiktok,7617997742291406081,Diario sobreviviente,pati.pami92,El pie tiene pies,2026/03/19
tiktok,7617997742291406081,Diario sobreviviente,stefano6195,tremendo,2026/03/20
tiktok,7617997742291406081,Diario sobreviviente,stiven_rodrigo,Los pies de Joel gonsales agradeciendo a isana,2026/03/19
tiktok,7619102013183331600,Zapatillas y Limpieza,mary28_51,ola buenas dias donde esta para comprar,2026/03/26
tiktok,7620936225859390737,Guia calzados,ana_navii,donde lo compro,2026/03/26
tiktok,7620936225859390737,Guia calzados,damaris_iop,Para q es ?,2026/03/26
tiktok,7621252393115700481,Sudor bacteria,sxmilck,Me dio ternura la gotita de sudor,2026/03/27
tiktok,7622000923342064897,Michi y Isana,aldana.y.adrin.ch,XD AJJAJAJAAJAJAJAJAJ,2026/04/02
tiktok,7622000923342064897,Michi y Isana,trllgetuktirey7q,jajajaja,2026/04/01
tiktok,7623490653321710865,Feriado largo guia definitiva,yoryibg,yo estoy protegido con mi Isana no me debo preocupar,2026/04/01
instagram,DVTk43NDL_Q,Se filtro la reunion de tus pies,francyazid,xd,2026/02/28
instagram,DVTk43NDL_Q,Se filtro la reunion de tus pies,olayasedesurco,emoji_risa,2026/03/04
instagram,DVTk43NDL_Q,Se filtro la reunion de tus pies,jeimypazc,No me puedo creer que vi una publicidad completa,2026/03/10
instagram,DVTk43NDL_Q,Se filtro la reunion de tus pies,rozzita_ad,Jajaja que buen comercial,2026/03/10
instagram,DVTk43NDL_Q,Se filtro la reunion de tus pies,paaul.tor,para terminar hubieran puesto un pastor Aleman para que siga corriendo,2026/03/10
instagram,DVTk43NDL_Q,Se filtro la reunion de tus pies,marianagrx_,Por eso siempre uso isana,2026/03/11
instagram,DVTk43NDL_Q,Se filtro la reunion de tus pies,alipale30,emoji_risa,2026/03/12
instagram,DVTk43NDL_Q,Se filtro la reunion de tus pies,zandromedaa,Jajajaja precisa,2026/03/12
instagram,DVTk43NDL_Q,Se filtro la reunion de tus pies,jackrobertjeremy,Buena publicidad,2026/03/12
instagram,DVTk43NDL_Q,Se filtro la reunion de tus pies,allangov23,Jajaja Buena,2026/03/12
instagram,DVTk43NDL_Q,Se filtro la reunion de tus pies,ml_daviddavila,jajajaja,2026/03/13
instagram,DVRNu0zDaTy,Spray vs Talco medias,kaledgp_,Pensaba que hablaban de una media crocante,2026/03/11
instagram,DVRNu0zDaTy,Spray vs Talco medias,panchinete,el olor a talco tambien lo asocio con la gente que les huelen los pies,2026/03/11
instagram,DVRNu0zDaTy,Spray vs Talco medias,luisgonzales_gt,Si lo guardaron casi nuevo sera por algo no?,2026/03/11
instagram,DVRNu0zDaTy,Spray vs Talco medias,fer_chavez16_,Muy bueno salvador de vida mas rapido y mejor,2026/03/13
instagram,DVRNu0zDaTy,Spray vs Talco medias,alessandrx_sc,anda!!! Y los que huelen a desodorante,2026/03/14
instagram,DVRNu0zDaTy,Spray vs Talco medias,panchinete,si es un desodorante con olor muy intenso esas personas que usan desodorante como si fuera perfume y aun asi huelen a chivo,2026/03/15
instagram,DVRNu0zDaTy,Spray vs Talco medias,jhon.hv5050,Jajaja y yo que tengo un talco isana,2026/03/16
instagram,DVuL1P1CDtN,8K recap carrera mujeres,1977klein,Bravo Pentarun siempre llevando alegria a todos,2026/03/12
instagram,DVuL1P1CDtN,8K recap carrera mujeres,mitzycm,Increible la activacion de Isana amamos!,2026/03/12
instagram,DVuL1P1CDtN,8K recap carrera mujeres,jessicamontoyaampuero,Isana mi preferido!!!!!,2026/03/13
instagram,DVuL1P1CDtN,8K recap carrera mujeres,jessicamontoyaampuero,todos los dias muy bueno!!!!,2026/03/16
instagram,DVuL1P1CDtN,8K recap carrera mujeres,giovanna.velasco.79,Siempre va conmigo Isana en todo momento,2026/03/21
instagram,DVwSh2ziCWf,Spray vs Talco comparativa,giovannafarfanrojas,emoji_corazon,2026/03/12
instagram,DVwSh2ziCWf,Spray vs Talco comparativa,sisniegasalinalaserna,Buenazooo,2026/03/31
instagram,DVzMqPrgMQo,Talco expertos enanos,marianagrx_,Que lindos los enanos,2026/03/16
instagram,DVzMqPrgMQo,Talco expertos enanos,lilieana5,Me dieron ternura,2026/03/19
instagram,DVzMqPrgMQo,Talco expertos enanos,colmenareswilennys,Ay dios que lindos,2026/03/19
instagram,DVzMqPrgMQo,Talco expertos enanos,kathia.casas,Isana infaltable,2026/03/21
instagram,DV1VVFLCV5p,Regreso clases medias,yasumivh,Mi zapatilla xd,2026/03/21
instagram,DV1VVFLCV5p,Regreso clases medias,khomy_bw23,Muy bueno ese talco recomendable,2026/03/22
instagram,DWAmj4SjhbI,Diario sobreviviente,kanae_sksjs,Imaginate el pie de las que bailan marinera,2026/03/24
instagram,DWAmj4SjhbI,Diario sobreviviente,lui_sifer.ykz8,Solo lavate los pies y los zapatos,2026/03/24
instagram,DWAmj4SjhbI,Diario sobreviviente,josedavidrojas0,Confirmo uno de los mejores productos para mi,2026/03/24
instagram,DWAmj4SjhbI,Diario sobreviviente,_miillans_,El pie tiene pies,2026/03/24
instagram,DWAmj4SjhbI,Diario sobreviviente,xx_alexander_xxf,KAJAKAJSJJSJSJ los pies tienen pies,2026/03/25
instagram,DWAmj4SjhbI,Diario sobreviviente,nixdaph,Lo de ex fue bien personal JAJAJA,2026/03/25
instagram,DWSCm7eFEOe,Sudor bacteria,alvarovpo90,Un frasco x semana,2026/03/26
instagram,DWSCm7eFEOe,Sudor bacteria,patita22758023,Mas util es lavarte las patas,2026/03/26
instagram,DWXYI7aDeHH,Guia calzados atleta,gabriel_jesus01,Anotado!! pero que no dejen sus medias tiradas en la zona de la garrocha,2026/03/27
instagram,DWXYI7aDeHH,Guia calzados atleta,juniorcoronado20,Todas mis medias tienen hueco,2026/03/27
instagram,DWXYI7aDeHH,Guia calzados atleta,gabrielherrera_atleta,tip simple pero clave tus pies lo van a agradecer,2026/03/27
instagram,DWeJIuQCcbV,Michi y Isana abril fools,brehiter_zarate,El mejor comercial jaja,2026/04/01
instagram,DWeJIuQCcbV,Michi y Isana abril fools,carlosjavo,emojis_risa,2026/04/01
instagram,DWHrBE9j2dy,Sorteo PONLE NOMBRE,jesusme_2021,Piecito,2026/03/31
instagram,DWHrBE9j2dy,Sorteo PONLE NOMBRE,hurpi.ortiz,PODI (podologia),2026/03/31
instagram,DWHrBE9j2dy,Sorteo PONLE NOMBRE,luzsinfonia,Lo llamaria ISANITO. Representaria muy bien a Isana. ISANITO un pie sanito.,2026/03/31
instagram,DWHrBE9j2dy,Sorteo PONLE NOMBRE,xmen972612,Patricio,2026/03/31
instagram,DWHrBE9j2dy,Sorteo PONLE NOMBRE,heldridgesanchez,Patidedi,2026/03/31
instagram,DWHrBE9j2dy,Sorteo PONLE NOMBRE,pepe_dikaprio,Sanipie,2026/03/31
instagram,DWHrBE9j2dy,Sorteo PONLE NOMBRE,yonyca25,pisanito (pie = pie sanito = isana),2026/03/31
instagram,DWHrBE9j2dy,Sorteo PONLE NOMBRE,lau_wuang,Footsy vamos con toda fe,2026/03/31
instagram,DWHrBE9j2dy,Sorteo PONLE NOMBRE,claudigi611,Piesitos,2026/03/31
instagram,DWHrBE9j2dy,Sorteo PONLE NOMBRE,korimo_on,Chakisan significa pie en quechua combinado con Isana,2026/03/31
instagram,DWHrBE9j2dy,Sorteo PONLE NOMBRE,bethzuta,Patidedi,2026/03/31
instagram,DWHrBE9j2dy,Sorteo PONLE NOMBRE,sisniegasalinalaserna,TALQUISANA Suave y super freshhhhhh,2026/03/31
instagram,DWHrBE9j2dy,Sorteo PONLE NOMBRE,luzzimaroficial,El gran Felypie,2026/03/31
instagram,DWHrBE9j2dy,Sorteo PONLE NOMBRE,luzzimaroficial,theriapie o sino iapie,2026/03/31
instagram,DWHrBE9j2dy,Sorteo PONLE NOMBRE,lizethsanchezmc15,IsaFresh,2026/03/31
instagram,DWHrBE9j2dy,Sorteo PONLE NOMBRE,lizethsanchezmc15,Piesana,2026/03/31
instagram,DWHrBE9j2dy,Sorteo PONLE NOMBRE,lizethsanchezmc15,Isanito,2026/03/31
instagram,DWHrBE9j2dy,Sorteo PONLE NOMBRE,jeka.l19,Isanito,2026/03/31
instagram,DWHrBE9j2dy,Sorteo PONLE NOMBRE,jeka.l19,Chasqui: Como los antiguos corredores incas siempre en movimiento y con pies resistentes,2026/03/31
instagram,DWHrBE9j2dy,Sorteo PONLE NOMBRE,jeka.l19,Mi propuesta es Isani porque mantiene la esencia de Isana pero con un toque moderno y amigable,2026/03/31
instagram,DWHrBE9j2dy,Sorteo PONLE NOMBRE,enaccion777,Petidedi,2026/03/31
instagram,DWHrBE9j2dy,Sorteo PONLE NOMBRE,freddyrobledom,PIESFRESHSANA,2026/03/31
instagram,DWHrBE9j2dy,Sorteo PONLE NOMBRE,suu_ch_c,Le diria Pecorita asi decimos a los piecitos,2026/03/31
instagram,DWHrBE9j2dy,Sorteo PONLE NOMBRE,s4mirsit0,Isanita,2026/03/31
instagram,DWHrBE9j2dy,Sorteo PONLE NOMBRE,n.ange17,Le pondria FOOTIE por la combinacion en ingles y espanol,2026/03/31
instagram,DWHrBE9j2dy,Sorteo PONLE NOMBRE,eselmodooff,Isanito,2026/03/31
instagram,DWHrBE9j2dy,Sorteo PONLE NOMBRE,heysoymilo,Talisan,2026/03/31
instagram,DWHrBE9j2dy,Sorteo PONLE NOMBRE,enaccion777,Petidedi,2026/04/01
instagram,DWHrBE9j2dy,Sorteo PONLE NOMBRE,treisy24,Isapie,2026/04/01
instagram,DWHrBE9j2dy,Sorteo PONLE NOMBRE,c4muxt6,Footsito,2026/04/01
instagram,DWHrBE9j2dy,Sorteo PONLE NOMBRE,jlopezh4ro,Olorin,2026/04/01
instagram,DWHrBE9j2dy,Sorteo PONLE NOMBRE,c4ri0z29,Footix,2026/04/01
instagram,DWHrBE9j2dy,Sorteo PONLE NOMBRE,sexy457594,Isanito,2026/04/01
instagram,DWHrBE9j2dy,Sorteo PONLE NOMBRE,sexyp6944,Freshisana,2026/04/01
instagram,DWHrBE9j2dy,Sorteo PONLE NOMBRE,sexyp608,Isanifresh,2026/04/01
instagram,DWHrBE9j2dy,Sorteo PONLE NOMBRE,c4muxt68,Footisana,2026/04/01
instagram,DWHrBE9j2dy,Sorteo PONLE NOMBRE,elk.758478,Footnova,2026/04/01
instagram,DWHrBE9j2dy,Sorteo PONLE NOMBRE,valentina_condorib,Isanapez,2026/04/01
instagram,DWHrBE9j2dy,Sorteo PONLE NOMBRE,rosa_duenas12,Se puede llamar don piesini,2026/04/01
instagram,DWHrBE9j2dy,Sorteo PONLE NOMBRE,criss.camacho1,Talquino,2026/04/01
instagram,DWHrBE9j2dy,Sorteo PONLE NOMBRE,yofanaticaperu,Freskito,2026/04/01
instagram,DWHrBE9j2dy,Sorteo PONLE NOMBRE,lise_vas,PIECON,2026/04/01
instagram,DWHrBE9j2dy,Sorteo PONLE NOMBRE,angeljlc28,Huellina (Huella limpia y fresca),2026/04/01
instagram,DWHrBE9j2dy,Sorteo PONLE NOMBRE,yreneche,PATRICIO o PIEro,2026/04/01
instagram,DWHrBE9j2dy,Sorteo PONLE NOMBRE,heldridgesanchez,Petidedi,2026/04/01
instagram,DWm0TBqD-yP,Resultado sorteo ganadora,lydita45,Felicitaciones,2026/04/02
instagram,DWm0TBqD-yP,Resultado sorteo ganadora,foxyforever77,Felicidades,2026/04/02
instagram,DWm0TBqD-yP,Resultado sorteo ganadora,elena.ramirez68,Felicidades a las ganadoras,2026/04/02
instagram,DWm0TBqD-yP,Resultado sorteo ganadora,edithjimenezfalcon,Muchas gracias,2026/04/02
instagram,DWm0TBqD-yP,Resultado sorteo ganadora,dianitaotero84,Felicidades que lindo,2026/04/03