"Nombre del anuncio","Entrega del anuncio",Resultados,"Indicador de resultado","Costo por resultados","Presupuesto del conjunto de anuncios","Tipo de presupuesto del conjunto de anuncios","Importe gastado (USD)",Impresiones,Alcance,Finalización,"Configuración de atribución",Puja,"Tipo de puja","Último cambio significativo","Clasificación de calidad","Clasificación del porcentaje de interacción","Clasificación del porcentaje de conversiones","Nombre del conjunto de anuncios","ROAS de resultados","Indicador de valor de resultado","Tasa de resultados","Valor de resultados",Frecuencia,"Costo por mil cuentas del centro de cuentas alcanzadas (USD)","CPM (costo por mil impresiones) (USD)",Espectadores,Visualizaciones,"Reproducciones de video","Costo por ThruPlay (USD)","Costo por reproducción de video de 3 segundos (USD)","Costo por reproducción de video continua de 2 segundos (USD)",ThruPlays,"Reproducciones de video de 3 segundos",unique_video_continuous_2_sec_watched_actions:video_view,"Reproducciones de video continuas de 2 segundos","Clics (todos)",shop_clicks,"Clics en Business AI","Clics en el enlace","Clics en la foto","Clics salientes","Clics salientes únicos","Costo por clic único (todos) (USD)","Costo por clic único en el enlace (USD)","CPC (costo por clic en el enlace) (USD)","CPC (todos) (USD)","CTR (porcentaje de clics en el enlace)","CTR (todos)","CTR único (porcentaje de clics en el enlace)","CTR único (todos)","Porcentaje de clics salientes","Porcentaje de clics salientes únicos","Clics únicos (todos)","Clics únicos en el enlace","Costo por clic saliente (USD)","Costo por clic saliente único (USD)","Costo por visita a la página de destino (USD)","Visitas a la página de destino del sitio web","Visitas al perfil de Instagram","Costo por Me gusta (USD)","Me gusta en Facebook","Seguimientos de Instagram","Comentarios de publicaciones","Costo por interacción con la página (USD)",instagram_upcoming_event_reminders_set,"Reacciones a publicaciones","Costo por interacción con una publicación (USD)",cost_per_action_type:group_join,"Costo por respuesta al evento (USD)",ar_effect_share:ar_effect_share,"Interacción con la página","Interacciones con la publicación","Registros de visitas","Respuestas a eventos",actions:group_join,"Veces que se compartieron las publicaciones","Veces que se guardaron las publicaciones","Contactos de mensajes",onsite_conversion_returning_messaging_connection,"Costo por mensaje entregado",cost_per_action_type:onsite_conversion.messaging_user_subscribed,actions:onsite_conversion.messaging_conversation_replied_7d,"Conversaciones con mensajes iniciadas","CTR de mensajes de marketing","Mensajes entregados","Mensajes de marketing leídos","Costo por contacto de mensajes (USD)"," (USD)",cost_per_onsite_conversion_returning_messaging_connection,"Costo por conversación con mensajes iniciada (USD)",actions:onsite_conversion.messaging_welcome_message_view,actions:onsite_conversion.messaging_user_subscribed,"Nuevos contactos de mensajes",actions:onsite_conversion.messaging_user_call_placed,actions:click_to_call_native_call_placed,actions:click_to_call_callback_request_submitted,Bloqueos,actions:click_to_call_native_20s_call_connect,actions:click_to_call_native_60s_call_connect,actions:onsite_conversion.messaging_20s_call_connect,actions:onsite_conversion.messaging_60s_call_connect,"Porcentaje de reproducciones de video de 3 segundos por impresiones","Reproducciones de video hasta el 25%","Reproducciones de video hasta el 50%","Reproducciones de video hasta el 75%","Reproducciones de video hasta el 95%","Reproducciones de video hasta el 100%","Tiempo promedio de reproducción del video","Entrega del conjunto de anuncios","Fecha de creación","Fecha de última edición","Inicio del informe",Inicio,"Fin del informe",Objetivo,"Identificador de la campaña","Nombre de la cuenta","Identificador del anuncio","Identificador del conjunto de anuncios","Identificador de la cuenta",url_tags,instant_experience_element_reach:instant_experience_element_impression,"Impresiones de actualización automática",instant_experience_element_impressions:instant_experience_element_impression,"Impresiones totales (incluye impresiones no válidas de tráfico no atribuible a personas)","Porcentaje de visualización de la experiencia instantánea","Tiempo de visualización de la experiencia instantánea","Costo por mejora de recuerdo del anuncio (USD)","Índice de mejora de recuerdo del anuncio","Mejora de recuerdo del anuncio","Clics para iniciar la experiencia instantánea","Clics para abrir la experiencia instantánea","Clics salientes de experiencia instantánea","Porcentaje de compras por clics en el enlace","Porcentaje de compras por visitas a la página de destino","Porcentaje de resultados por clics en el enlace","Porcentaje de visitas a la página de destino por clics en el enlace","Costo por retención de día 2 en la app para celulares (USD)","Costo por retención de día 7 en la app para celulares (USD)","Retención de día 2 en la app para celulares","Valor de conversión de compras promedio","Retención de día 7 en la app para celulares",CVR,Frecuencia,%,"Interacciones sin reproducciones mínimas","Sesion Exitosa","VTR (Thruplay)"
"[BUK] Reel - 28/03  El profe se pasó de frío, pero m",not_delivering,7921,actions:post_engagement,0.0020654,20,Diario,16.36,13992,13434,2026-03-31,"7 días tras clic o 1 día tras visualización",0,ABSOLUTE_OCPM,2026-03-10T12:32:09-0500,Promedio,Promedio,"Por encima del promedio","[BUK] Segmentos Jóvenes - IG",,,56.61092053,,1.041536,1.217806,1.16924,13049,14958,13601,0.010187,0.002084,,1606,7851,,,11,,0,,,,,1.487273,,,1.487273,,0.078616,0,0.081882,,,11,,,,,,9,,,0,1,0.002065,,62,0.002065,,,,7921,7921,,,,5,2,,,0,,,,0,0,0,,,,,,,,,,,,,,,,56.110635,6068,2265,1175,643,593,7,completed,2026-03-10,2026-03-10,2026-03-01,2026-03-10,2026-03-31,Interacción,120240665952090055,Buk,120240666520010055,120240666519970055,3327383120855148,,,0,,13992,0,0,0.02337143,5.21065952,700,0,0,,0,0,,0,,,,,,,1.0415364,0,663,,0.11477987
"[BUK] Reel - 08/03  La verdadera multitasker, la que carga mil niveles a la vez. ¡En Buk sabemos que nada te debe frenar! Por eso, te damos la sensación de alivio y frescura para que sigas conquistando tu mundo 🚀 #MujerMultiplayer #BukParaTodas #NoLagDeGarganta #Buk #Tos #CaramelosBuk #VocesImparables #8Marzo #MujeresPeruanas #8M #PowerFemenino",not_delivering,,,,20,Diario,0,0,0,2026-03-31,"7 días tras clic o 1 día tras visualización",0,ABSOLUTE_OCPM,2026-03-10T12:32:09-0500,-,-,-,"[BUK] Segmentos Jóvenes - IG",,,,,0,0,0,0,0,,,,,,,,,0,,0,,,,,0,,,0,,0,0,0,,,0,,,,,,0,,,0,,,,,,,,,,,,,,,,,,0,,,,0,0,0,,,,,,,,,,,,,,,,,,,,,,00:00:00,completed,2026-03-10,2026-03-10,2026-03-01,2026-03-10,2026-03-31,Interacción,120240665952090055,Buk,120240666520020055,120240666519970055,3327383120855148,,,0,,0,0,0,0,0,0,0,0,,0,0,,0,,,,,,,,,0,,
"[BUK] 12/03 - Reel -El peor enemigo de tu irritación de garganta acaba de llegar al estudio 🤫 Corta la molestia y siente la sensación de alivio y frescura con Buk 😉 #Buk #Tos #CaramelosBuk #Perú #Podcast #VueltaAClases #Curiosidades",inactive,531,actions:post_engagement,0.03725047,10,Diario,19.78,2482,422,2026-03-31,"7 días tras clic o 1 día tras visualización",0,ABSOLUTE_OCPM,2026-03-10T12:03:30-0500,-,-,-,"[BUK] Segmentos de Seguidores",,,21.39403707,,5.881517,46.872038,7.96938,412,2411,2065,0.186604,0.039402,,106,502,,,4,,0,,,,,4.945,,,4.945,,0.16116,0,0.947867,,,4,,,,,,3,,,0,,0.03725,,27,0.03725,,,,531,531,,,,1,1,,,0,,,,0,0,0,,,,,,,,,,,,,,,,20.225625,212,115,87,70,69,9,completed,2026-03-13,2026-03-30,2026-03-01,2026-03-10,2026-03-31,Interacción,120240665952090055,Buk,120240780773420055,120240665952050055,3327383120855148,,,0,,2485,0,0,0.32966667,14.21800948,60,0,0,,0,0,,0,,,,,,,5.88151659,0,98,,0.04270749
"[BUK] 12/03 - Reel - El peor enemigo de tu irritación d",inactive,26157,actions:post_engagement,0.00163857,20,Diario,42.86,62362,57179,2026-03-31,"7 días tras clic o 1 día tras visualización",0,ABSOLUTE_OCPM,2026-03-10T12:32:09-0500,"Por debajo del promedio - 35% de los anuncios menos relevantes","Por debajo del promedio - 35% de los anuncios menos relevantes","Por encima del promedio","[BUK] Segmentos Jóvenes - IG",,,41.94381194,,1.090645,0.749576,0.687278,56169,69393,61448,0.004321,0.001656,,9920,25888,,,54,,0,,,,,0.793704,,,0.793704,,0.086591,0,0.09444,,,54,,,,,,46,,,0,3,0.001639,,239,0.001639,,,,26157,26157,,,,19,8,,,0,,,,0,0,0,,,,,,,,,,,,,,,,41.51246,19554,10362,8563,5044,4303,8,completed,2026-03-13,2026-03-25,2026-03-01,2026-03-10,2026-03-31,Interacción,120240665952090055,Buk,120240781041220055,120240666519970055,3327383120855148,,,0,,62364,0,0,0.01623485,4.6170797,2640,0,0,,0,0,,0,,,,,,,1.09064517,0,4572,,0.15907123
"[BUK] 12/03 - Reel - El peor enemigo de tu irritación de garganta acaba de llegar al estudio 🤫 Corta la molestia y siente la sensación de alivio y frescura con Buk 😉 #Buk #Tos #CaramelosBuk #Perú #Podcast #VueltaAClases #Curiosidades",not_delivering,1,actions:post_engagement,0,10,Diario,0,1,1,2026-03-31,"7 días tras clic o 1 día tras visualización",0,ABSOLUTE_OCPM,2026-03-10T12:30:46-0500,-,-,-,"[BUK] Segmentos Jóvenes - FB",,,100,,1,0,0,1,1,1,,0,,,1,,,0,,0,,,,,0,,,0,,0,0,0,,,0,,,,,,0,,,0,,0,,,0,,,,1,1,,,,,,,,0,,,,0,0,0,,,,,,,,,,,,,,,,100,,,,,,3,completed,2026-03-13,2026-03-13,2026-03-01,2026-03-10,2026-03-31,Interacción,120240665952090055,Buk,120240781443970055,120240666282360055,3327383120855148,,,0,,1,0,0,0,100,1,0,0,,0,0,,0,,,,,,,1,0,0,,0
"[BUK] 15/03 - Reel - Algunas cosas nunca cambian. O",inactive,727,actions:post_engagement,0.04200825,10,Diario,30.54,4062,435,2026-03-31,"7 días tras clic o 1 día tras visualización",0,ABSOLUTE_OCPM,2026-03-10T12:03:30-0500,"Por debajo del promedio - 10% de los anuncios menos relevantes","Por debajo del promedio - 20% de los anuncios menos relevantes",Promedio,"[BUK] Segmentos de Seguidores",,,17.8975874,,9.337931,70.206897,7.518464,429,3909,3515,0.216596,0.045244,,141,675,,,14,,0,,,,,2.349231,,,2.181429,,0.344658,0,2.988506,,,13,,,,,,19,,,0,2,0.042008,,45,0.042008,,,,727,727,,,,3,2,,,0,,,,0,0,0,,,,,,,,,,,,,,,,16.61743,165,85,68,59,56,4,completed,2026-03-16,2026-03-25,2026-03-01,2026-03-10,2026-03-31,Interacción,120240665952090055,Buk,120240872155590055,120240665952050055,3327383120855148,,,0,,4064,0,0,0.509,13.79310345,60,0,0,,0,0,,0,,,,,,,9.33793103,0,108,,0.03471196
"[BUK] 15/03 - Reel - Algunas cosas nunca cambian.",inactive,128,actions:post_engagement,0.03484375,10,Diario,4.46,618,240,2026-03-31,"7 días tras clic o 1 día tras visualización",0,ABSOLUTE_OCPM,2026-03-10T12:03:30-0500,-,-,-,"[BUK] Segmentos de Seguidores",,,20.71197411,,2.575,18.583333,7.216828,229,602,554,0.318571,0.040545,,14,110,,,1,,0,,,,,4.46,,,4.46,,0.161812,0,0.416667,,,1,,,,,,2,,,0,1,0.034844,,15,0.034844,,,,128,128,,,,1,1,,,0,,,,0,0,0,,,,,,,,,,,,,,,,17.799353,18,12,9,7,7,6,completed,2026-03-16,2026-03-25,2026-03-01,2026-03-10,2026-03-31,Interacción,120240665952090055,Buk,120240887632010055,120240665952050055,3327383120855148,,,0,,618,0,0,0.14866667,12.5,30,0,0,,0,0,,0,,,,,,,2.575,0,25,,0.02265372
"[BUK] 15/03 - Reel - Algunas cosas nunca cambian.",not_delivering,2,actions:post_engagement,0,10,Diario,0,2,2,2026-03-31,"7 días tras clic o 1 día tras visualización",0,ABSOLUTE_OCPM,2026-03-10T12:30:46-0500,-,-,-,"[BUK] Segmentos Jóvenes - FB",,,100,,1,0,0,2,4,2,,0,,,2,,,0,,0,,,,,0,,,0,,0,0,0,,,0,,,,,,0,,,0,,0,,,0,,,,2,2,,,,,,,,0,,,,0,0,0,,,,,,,,,,,,,,,,100,1,,,,,10,completed,2026-03-16,2026-03-16,2026-03-01,2026-03-10,2026-03-31,Interacción,120240665952090055,Buk,120240887668840055,120240666282360055,3327383120855148,,,0,,2,0,0,0,50,1,0,0,,0,0,,0,,,,,,,1,0,0,,0
"[BUK] 15/03 - Reel - Algunas cosas nunca cambian. O",inactive,133,actions:post_engagement,0.00112782,20,Diario,0.15,340,331,2026-03-31,"7 días tras clic o 1 día tras visualización",0,ABSOLUTE_OCPM,2026-03-10T12:32:09-0500,-,-,-,"[BUK] Segmentos Jóvenes - IG",,,39.11764706,,1.02719,0.453172,0.441176,310,408,346,0.003947,0.001172,,38,128,,,0,,0,,,,,0,,,0,,0,0,0,,,0,,,,,,0,,,0,,0.001128,,5,0.001128,,,,133,133,,,,,,,,0,,,,0,0,0,,,,,,,,,,,,,,,,37.647059,45,19,16,9,8,9,completed,2026-03-16,2026-03-30,2026-03-01,2026-03-10,2026-03-31,Interacción,120240665952090055,Buk,120240922880150055,120240666519970055,3327383120855148,,,0,,340,0,0,0.005,9.06344411,30,0,0,,0,0,,0,,,,,,,1.02719033,0,13,,0.11176471
"[BUK] 19/03 - Reel - Susurrarle la respuesta a tu",not_delivering,309,actions:post_engagement,0.02686084,10,Diario,8.3,1153,301,2026-03-31,"7 días tras clic o 1 día tras visualización",0,ABSOLUTE_OCPM,2026-03-10T12:03:30-0500,-,-,-,"[BUK] Segmentos de Seguidores",,,26.79965308,,3.830565,27.574751,7.198612,287,1168,1039,0.140678,0.028621,,59,290,,,1,,0,,,,,8.3,,,8.3,,0.08673,0,0.332226,,,1,,,,,,1,,,0,,0.026861,,17,0.026861,,,,309,309,,,,,2,,,0,,,,0,0,0,,,,,,,,,,,,,,,,25.151778,153,78,54,36,35,6,completed,2026-03-25,2026-03-25,2026-03-01,2026-03-10,2026-03-31,Interacción,120240665952090055,Buk,120241290724060055,120240665952050055,3327383120855148,,,0,,1158,0,0,0.2075,13.28903654,40,0,0,,0,0,,0,,,,,,,3.83056478,0,54,,0.05117086
"[BUK] 21/03 - Reel - Solo queríamos saber su sab",inactive,504,actions:post_engagement,0.02914683,10,Diario,14.69,2138,403,2026-03-31,"7 días tras clic o 1 día tras visualización",0,ABSOLUTE_OCPM,2026-03-10T12:03:30-0500,-,-,-,"[BUK] Segmentos de Seguidores",,,23.57343312,,5.305211,36.451613,6.870907,396,2103,1936,0.13729,0.031255,,107,470,,,4,,0,,,,,3.6725,,,3.6725,,0.187091,0,0.992556,,,4,,,,,,4,,,0,,0.029147,,34,0.029147,,,,504,504,,,,,,,,0,,,,0,0,0,,,,,,,,,,,,,,,,21.983162,151,89,65,57,52,6,completed,2026-03-25,2026-03-30,2026-03-01,2026-03-10,2026-03-31,Interacción,120240665952090055,Buk,120241290735320055,120240665952050055,3327383120855148,,,0,,2138,0,0,0.2938,12.40694789,50,0,0,,0,0,,0,,,,,,,5.30521092,0,86,,0.05004677
"[BUK] 22/03 - Reel - Empieza este nuevo ciclo c",inactive,610,actions:post_engagement,0.02381967,10,Diario,14.53,2064,381,2026-03-31,"7 días tras clic o 1 día tras visualización",0,ABSOLUTE_OCPM,2026-03-10T12:03:30-0500,-,-,-,"[BUK] Segmentos de Seguidores",,,29.55426357,,5.417323,38.136483,7.039729,375,2091,1829,0.071225,0.025536,,204,569,,,4,,0,,,,,3.6325,,,3.6325,,0.193798,0,1.049869,,,4,,,,,,3,,,0,,0.02382,,36,0.02382,,,,610,610,,,,,5,,,0,,,,0,0,0,,,,,,,,,,,,,,,,27.567829,307,221,171,103,99,8,completed,2026-03-25,2026-03-30,2026-03-01,2026-03-10,2026-03-31,Interacción,120240665952090055,Buk,120241290762410055,120240665952050055,3327383120855148,,,0,,2064,0,0,0.2906,13.12335958,50,0,0,,0,0,,0,,,,,,,5.41732283,0,140,,0.09883721
"[BUK] 24/03 - Reel - Player 1: Agua. Player 2: Buk",not_delivering,370,actions:post_engagement,0.03072973,10,Diario,11.37,1592,366,2026-03-31,"7 días tras clic o 1 día tras visualización",0,ABSOLUTE_OCPM,2026-03-10T12:03:30-0500,-,-,-,"[BUK] Segmentos de Seguidores",,,23.24120603,,4.349727,31.065574,7.14196,356,1579,1419,0.145769,0.032767,,78,347,,,6,,0,,,,,1.895,,,1.895,,0.376884,0,1.639344,,,6,,,,,,9,,,0,,0.03073,,21,0.03073,,,,370,370,,,,,2,,,0,,,,0,0,0,,,,,,,,,,,,,,,,21.796482,141,80,59,45,43,15,completed,2026-03-25,2026-03-25,2026-03-01,2026-03-10,2026-03-31,Interacción,120240665952090055,Buk,120241290767710055,120240665952050055,3327383120855148,,,0,,1593,0,0,0.2274,13.66120219,50,0,0,,0,0,,0,,,,,,,4.34972678,0,66,,0.04899497
"[BUK] 24/03 - Reel - Player 1: Agua. Player 2: Buk - Copia",inactive,2144,actions:post_engagement,0.0017444,20,Diario,3.74,4994,4994,2026-03-31,"7 días tras clic o 1 día tras visualización",0,ABSOLUTE_OCPM,2026-03-10T12:32:09-0500,Promedio,Promedio,"Por encima del promedio","[BUK] Segmentos Jóvenes - IG",,,42.93151782,,1,0.748899,0.748899,4904,5735,5008,0.005209,0.001777,,718,2105,,,8,,0,,,,,0.4675,,,0.4675,,0.160192,0,0.160192,,,8,,,,,,8,,,0,2,0.001744,,32,0.001744,,,,2144,2144,,,,3,2,,,0,,,,0,0,0,,,,,,,,,,,,,,,,42.150581,1404,954,662,343,304,8,completed,2026-03-25,2026-03-30,2026-03-01,2026-03-10,2026-03-31,Interacción,120240665952090055,Buk,120241290786320055,120240666519970055,3327383120855148,,,0,,4994,0,0,0.01289655,5.80696836,290,0,0,,0,0,,0,,,,,,,1,0,343,,0.14377253
"[BUK] 19/03 - Reel - Susurrarle la respuesta a tu - Copia",inactive,447,actions:post_engagement,0.00147651,20,Diario,0.66,887,883,2026-03-31,"7 días tras clic o 1 día tras visualización",0,ABSOLUTE_OCPM,2026-03-10T12:32:09-0500,Promedio,Promedio,"Por encima del promedio","[BUK] Segmentos Jóvenes - IG",,,50.3945885,,1.00453,0.747452,0.744081,867,1027,909,0.005077,0.001493,,130,442,,,1,,0,,,,,0.66,,,0.66,,0.11274,0,0.11325,,,1,,,,,,1,,,0,1,0.001477,,4,0.001477,,,,447,447,,,,,,,,0,,,,0,0,0,,,,,,,,,,,,,,,,49.830891,271,175,116,61,50,6,completed,2026-03-25,2026-03-30,2026-03-01,2026-03-10,2026-03-31,Interacción,120240665952090055,Buk,120241290786330055,120240666519970055,3327383120855148,,,0,,887,0,0,0.011,6.79501699,60,0,0,,0,0,,0,,,,,,,1.00453001,0,55,,0.14656144
"[BUK] 22/03 - Reel - Empieza este nuevo ciclo c - Copia",inactive,48938,actions:post_engagement,0.00181597,20,Diario,88.87,127958,114024,2026-03-31,"7 días tras clic o 1 día tras visualización",0,ABSOLUTE_OCPM,2026-03-10T12:32:09-0500,Promedio,Promedio,"Por encima del promedio","[BUK] Segmentos Jóvenes - IG",,,38.24536176,,1.122202,0.779397,0.694525,111606,143776,126157,0.005091,0.001849,,17456,48063,,,97,,0,1,,,,0.925729,88.87,88.87,0.916186,0.000782,0.075806,0.000877,0.084193,,,96,1,,,,,74,,,1,26,0.001816,,717,0.001816,,,,48938,48938,,,,112,19,,,0,,,,0,0,0,,,,,,,,,,,,,,,,37.561544,33386,23399,15785,7765,6757,6,completed,2026-03-25,2026-03-30,2026-03-01,2026-03-10,2026-03-31,Interacción,120240665952090055,Buk,120241290786340055,120240666519970055,3327383120855148,,,0,,127958,0,0,0.01780962,4.37627166,4990,0,0,,0,0,4893800,0,,,,,,,1.12220234,0,7632,0,0.13641976
"[BUK] 21/03 - Reel - Solo queríamos saber su sab - Copia",inactive,3978,actions:post_engagement,0.0018728,20,Diario,7.45,9629,9552,2026-03-31,"7 días tras clic o 1 día tras visualización",0,ABSOLUTE_OCPM,2026-03-10T12:32:09-0500,Promedio,Promedio,"Por encima del promedio","[BUK] Segmentos Jóvenes - IG",,,41.31270122,,1.008061,0.779941,0.773704,9350,10982,9606,0.005337,0.001912,,1396,3897,,,11,,0,,,,,0.677273,,,0.677273,,0.114238,0,0.115159,,,11,,,,,,10,,,0,5,0.001873,,71,0.001873,,,,3978,3978,,,,3,2,,,0,,,,0,0,0,,,,,,,,,,,,,,,,40.471492,2636,1838,1274,633,551,6,completed,2026-03-25,2026-03-30,2026-03-01,2026-03-10,2026-03-31,Interacción,120240665952090055,Buk,120241290786350055,120240666519970055,3327383120855148,,,0,,9629,0,0,0.0140566,5.54857621,530,0,0,,0,0,,0,,,,,,,1.00806114,0,632,,0.14497871
"[BUK] 17/03 - Reel - Susurrarle la respuesta a tu",not_delivering,231,actions:post_engagement,0.00073593,10,Diario,0.17,351,340,2026-03-31,"7 días tras clic o 1 día tras visualización",0,ABSOLUTE_OCPM,2026-03-10T12:30:46-0500,-,-,-,"[BUK] Segmentos Jóvenes - FB",,,65.81196581,,1.032353,0.5,0.48433,334,407,346,0.002179,0.000742,,78,229,,,3,,0,2,,,,0.056667,0.085,0.085,0.056667,0.569801,0.854701,0.588235,0.882353,,,3,2,,,,,0,,,0,,0.000736,,,0.000736,,,,231,231,,,,,,,,0,,,,0,0,0,,,,,,,,,,,,,,,,65.242165,166,103,72,37,33,10,completed,2026-03-25,2026-03-25,2026-03-01,2026-03-10,2026-03-31,Interacción,120240665952090055,Buk,120241290826240055,120240666282360055,3327383120855148,,,0,,351,0,0,0.017,2.94117647,10,0,0,,0,0,11550,0,,,,,,,1.03235294,0,35,0,0.22222222
"[BUK] 21/03 - Reel - Solo queríamos saber su sab",not_delivering,3516,actions:post_engagement,0.00108646,10,Diario,3.82,5833,5833,2026-03-31,"7 días tras clic o 1 día tras visualización",0,ABSOLUTE_OCPM,2026-03-10T12:30:46-0500,Promedio,Promedio,"Por encima del promedio","[BUK] Segmentos Jóvenes - FB",,,60.27773016,,1,0.654895,0.654895,5715,6041,5646,0.003926,0.001091,,973,3500,,,71,,0,,,,,0.053803,,,0.053803,,1.217212,0,1.217212,,,71,,,,,,0,,,0,,0.001086,,14,0.001086,,,,3516,3516,,,,,2,,,0,,,,0,0,0,,,,,,,,,,,,,,,,60.003429,1416,776,559,418,259,9,completed,2026-03-25,2026-03-25,2026-03-01,2026-03-10,2026-03-31,Interacción,120240665952090055,Buk,120241290846040055,120240666282360055,3327383120855148,,,0,,5833,0,0,0.023875,2.74301389,160,0,0,,0,0,,0,,,,,,,1,0,275,,0.16680953
"[BUK] 22/03 - Reel - Empieza este nuevo ciclo co",not_delivering,90229,actions:post_engagement,0.00057653,10,Diario,52.02,118208,115338,2026-03-31,"7 días tras clic o 1 día tras visualización",0,ABSOLUTE_OCPM,2026-03-10T12:30:46-0500,Promedio,"Por encima del promedio","Por encima del promedio","[BUK] Segmentos Jóvenes - FB",,,76.3307052,,1.024883,0.451022,0.440072,114326,135419,117088,0.00082,0.000582,,63405,89369,,,1570,,0,342,,,,0.033134,0.152105,0.152105,0.033134,0.289321,1.328167,0.29652,1.361217,,,1570,342,,,,,0,,,0,7,0.000577,,438,0.000577,,,,90229,90229,,,,19,54,,,0,,,,0,0,0,,,,,,,,,,,1,,,,,75.603174,77513,68121,57065,21833,13861,16,completed,2026-03-25,2026-03-25,2026-03-01,2026-03-10,2026-03-31,Interacción,120240665952090055,Buk,120241290882730055,120240666282360055,3327383120855148,,,0,,118209,0,0,0.01516618,2.97386811,3430,0,0,,0,0,26382.74853801,0,,,,,,,1.02488339,0,14721,0,0.53638502
"[BUK] 24/03 - Reel - Player 1: Agua. Player 2: Buk",not_delivering,1509,actions:post_engagement,0.00169649,10,Diario,2.56,4315,4066,2026-03-31,"7 días tras clic o 1 día tras visualización",0,ABSOLUTE_OCPM,2026-03-10T12:30:46-0500,"Por debajo del promedio - 35% de los anuncios menos relevantes",Promedio,"Por encima del promedio","[BUK] Segmentos Jóvenes - FB",,,34.97103129,,1.06124,0.629611,0.593279,3936,4880,4194,0.003969,0.00171,,645,1497,,,37,,0,,,,,0.069189,,,0.069189,,0.857474,0,0.909985,,,37,,,,,,0,,,0,,0.001696,,12,0.001696,,,,1509,1509,,,,,,,,0,,,,0,0,0,,,,,,,,,,,,,,,,34.692932,964,642,464,388,299,7,completed,2026-03-25,2026-03-25,2026-03-01,2026-03-10,2026-03-31,Interacción,120240665952090055,Buk,120241290889830055,120240666282360055,3327383120855148,,,0,,4315,0,0,0.01163636,5.41072307,220,0,0,,0,0,,0,,,,,,,1.06123955,0,311,,0.14947856
"[BUK] 26/03 - Reel -",not_delivering,49,actions:post_engagement,0.0244898,10,Diario,1.2,151,100,2026-03-31,"7 días tras clic o 1 día tras visualización",0,ABSOLUTE_OCPM,2026-03-10T12:03:30-0500,-,-,-,"[BUK] Segmentos de Seguidores",,,32.45033113,,1.51,12,7.94702,96,157,140,0.092308,0.028571,,13,42,,,0,,0,,,,,0,,,0,,0,0,0,,,0,,,,,,0,,,0,,0.02449,,5,0.02449,,,,49,49,,,,1,1,,,0,,,,0,0,0,,,,,,,,,,,,,,,,27.81457,15,10,10,10,8,6,completed,2026-03-30,2026-03-30,2026-03-01,2026-03-10,2026-03-31,Interacción,120240665952090055,Buk,120241593086360055,120240665952050055,3327383120855148,,,0,,151,0,0,0.12,10,10,0,0,,0,0,,0,,,,,,,1.51,0,15,,0.08609272
"[BUK] 28/03 - Reel - - No es exageración, es experie",not_delivering,140,actions:post_engagement,0.0255,10,Diario,3.57,490,227,2026-03-31,"7 días tras clic o 1 día tras visualización",0,ABSOLUTE_OCPM,2026-03-10T12:03:30-0500,-,-,-,"[BUK] Segmentos de Seguidores",,,28.57142857,,2.15859,15.726872,7.285714,225,476,439,0.1275,0.02856,,28,125,,,1,,0,,,,,3.57,,,3.57,,0.204082,0,0.440529,,,1,,,,,,2,,,0,,0.0255,,13,0.0255,,,,140,140,,,,1,1,,,0,,,,0,0,0,,,,,,,,,,,,,,,,25.510204,66,31,21,11,11,4,completed,2026-03-30,2026-03-30,2026-03-01,2026-03-10,2026-03-31,Interacción,120240665952090055,Buk,120241593099210055,120240665952050055,3327383120855148,,,0,,490,0,0,0.119,13.21585903,30,0,0,,0,0,,0,,,,,,,2.15859031,0,26,,0.05714286
"[BUK] 30/03 - Reel - - ¿Ya estás contando los días pa",not_delivering,1,actions:post_engagement,0.08,10,Diario,0.08,9,9,2026-03-31,"7 días tras clic o 1 día tras visualización",0,ABSOLUTE_OCPM,2026-03-10T12:03:30-0500,-,-,-,"[BUK] Segmentos de Seguidores",,,11.11111111,,1,8.888889,8.888889,9,9,,,,,,,,,0,,0,,,,,0,,,0,,0,0,0,,,0,,,,,,0,,,0,,0.08,,1,0.08,,,,1,1,,,,,,,,0,,,,0,0,0,,,,,,,,,,,,,,,,,,,,,,00:00:00,completed,2026-03-30,2026-03-30,2026-03-01,2026-03-10,2026-03-31,Interacción,120240665952090055,Buk,120241593106220055,120240665952050055,3327383120855148,,,0,,9,0,0,0.08,11.11111111,1,0,0,,0,0,,0,,,,,,,1,0,1,,0
"[BUK] 30/03 - Carrsel - ¿Ya estás contando los días",not_delivering,,,,20,Diario,0,0,0,2026-03-31,"7 días tras clic o 1 día tras visualización",0,ABSOLUTE_OCPM,2026-03-10T12:32:09-0500,-,-,-,"[BUK] Segmentos Jóvenes - IG",,,,,0,0,0,0,0,,,,,,,,,0,,0,,,,,0,,,0,,0,0,0,,,0,,,,,,0,,,0,,,,,,,,,,,,,,,,,,0,,,,0,0,0,,,,,,,,,,,,,,,,,,,,,,00:00:00,completed,2026-03-30,2026-03-30,2026-03-01,2026-03-10,2026-03-31,Interacción,120240665952090055,Buk,120241593127550055,120240666519970055,3327383120855148,,,0,,0,0,0,0,0,0,0,0,,0,0,,0,,,,,,,,,0,,
"[BUK] Reel - 02/02 Pasar de 35°C a la congeladora de la oficina es un atentado biológico. 🥵❄️ Que el choque térmico no te rompa la garganta. Activa tu escudo con BUK Naranja 🍊🛡️ #ChoqueTermico #OficinaCongelada #BukTeSalva #Verano #BukNaranja",not_delivering,38107,actions:post_engagement,0.00135592,10,Diario,51.67,79616,77831,"En curso","7 días tras clic o 1 día tras visualización",0,ABSOLUTE_OCPM,2026-02-12T09:26:34-0500,Promedio,"Por debajo del promedio - 35% de los anuncios menos relevantes","Por encima del promedio","[BUK] 1. IG - Publico Objetivo  Golosinas",,,47.86349477,,1.022934,0.663874,0.64899,75796,86669,77111,0.007127,0.001366,,7250,37837,,,65,,0,,,,,0.794923,,,0.794923,,0.081642,0,0.083514,,,65,,,,,,56,,,0,3,0.001356,,227,0.001356,,,,38107,38107,,,,19,21,,,0,,,,0,0,0,,,,,,,,,,,1,,,,,47.524367,29303,14986,8004,3972,3656,6,not_delivering,2026-02-03,2026-02-03,2026-03-01,2026-02-03,2026-03-31,Interacción,120239397673820055,Buk,120239397702400055,120239397702390055,3327383120855148,,,0,,79616,0,0,0.02296444,2.89087896,2250,0,0,,0,0,,0,,,,,,,1.02293431,0,3926,,0.0910621
"[BUK] Reel - 30/01 Elegir el camino correcto es difícil... a menos que el camino tenga sabor a menta. ❄️ Mejor lleva tu ""aire acondicionado de bolsillo"" con tus caramelos Buk 🌿 #Buk #Tos #Pinguino",not_delivering,1566,actions:post_engagement,0.03304598,10,Diario,51.75,21288,14381,"En curso","7 días tras clic o 1 día tras visualización",0,ABSOLUTE_OCPM,2026-02-12T09:26:21-0500,Promedio,"Por debajo del promedio - 35% de los anuncios menos relevantes",Promedio,"[BUK] 2. IG - Publico Objetivo  Golosinas",,,7.35625705,,1.480286,3.598498,2.430947,14381,21313,,,,,,,,,24,,0,1,,,,2.15625,51.75,51.75,2.15625,0.004697,0.11274,0.006954,0.166887,,,24,1,,,,,10,,,0,4,0.033046,,1543,0.033046,,,,1566,1566,,,,9,9,,,0,,,,0,0,0,,,,,,,,,,,,,,,,,,,,,,00:00:00,not_delivering,2026-02-03,2026-02-03,2026-03-01,2026-02-03,2026-03-31,Interacción,120239397673820055,Buk,120239397821150055,120239397821140055,3327383120855148,,,0,,21319,0,0,0.06809211,5.28475071,760,0,0,,0,0,156600,0,,,,,,,1.48028649,0,1566,0,0
"[BUK] Reel - 02/02 Pasar de 35°C a la congeladora de la oficina es un atentado biológico. 🥵❄️ Que el choque térmico no te rompa la garganta. Activa tu escudo con BUK Naranja 🍊🛡️ #ChoqueTermico #OficinaCongelada #BukTeSalva #Verano #BukNaranja",not_delivering,68534,actions:post_engagement,0.00076911,10,Diario,52.71,120949,107894,"En curso","7 días tras clic o 1 día tras visualización",0,ABSOLUTE_OCPM,2026-02-03T11:30:13-0500,Promedio,Promedio,"Por encima del promedio","[BUK] 1. FB - Publico Objetivo  Golosinas",,,56.66355241,,1.120998,0.488535,0.435804,106742,132502,119167,0.003345,0.000775,,15757,67989,,,1269,,0,200,,,,0.04317,0.264874,0.26355,0.041537,0.165359,1.049203,0.18444,1.131666,,,1221,199,,,,,0,52.71,1,0,3,0.000769,,309,0.000769,,,,68535,68534,,,,10,23,,,0,,,,0,0,0,,,,,,,,,,,4,,,,,56.212949,58122,34701,18071,8246,6704,7,not_delivering,2026-02-03,2026-02-03,2026-03-01,2026-02-03,2026-03-31,Interacción,120239397673820055,Buk,120239398083930055,120239398083920055,3327383120855148,,,0,,120956,0,0,0.03336076,1.46440024,1580,0,0,,0,0,34267,0,,,,,,,1.12099839,0,7249,0,0.13027805
"[BUK] Reel - 💀 El verdadero terror no es q - 04/02 BB",not_delivering,,,,3,Diario,0,0,0,"En curso","7 días tras clic o 1 día tras visualización",0,ABSOLUTE_OCPM,2026-02-09T17:47:00-0500,-,-,-,"[BUK] 2. FB - Publico Objetivo  Golosinas",,,,,0,0,0,0,0,,,,,,,,,0,,0,,,,,0,,,0,,0,0,0,,,0,,,,,,0,,,0,,,,,,,,,,,,,,,,,,0,,,,0,0,0,,,,,,,,,,,,,,,,,,,,,,00:00:00,inactive,2026-02-09,2026-04-08,2026-03-01,2026-02-09,2026-03-31,Interacción,120239397673820055,Buk,120239610069770055,120239610069760055,3327383120855148,,,0,,0,0,0,0,0,0,0,0,,0,0,,0,,,,,,,,,0,,
"[BUK] Reel - 💀 El verdadero terror no es q - 04/02",not_delivering,5406,actions:post_engagement,0.00971698,10,Diario,52.53,79592,66004,"En curso","7 días tras clic o 1 día tras visualización",0,ABSOLUTE_OCPM,2026-02-12T09:25:30-0500,"Por debajo del promedio - 35% de los anuncios menos relevantes","Por debajo del promedio - 35% de los anuncios menos relevantes",Promedio,"[BUK] 3. IG - Publico Objetivo  Golosinas",,,6.79213991,,1.205866,0.795861,0.659991,66004,79607,,,,,,,,,75,,0,1,,,,0.7004,52.53,52.53,0.7004,0.001256,0.094231,0.001515,0.113629,,,75,1,,,,,62,,,0,,0.009717,,5244,0.009717,,,,5406,5406,,,,145,16,,,0,,,,0,0,0,,,,,,,,,,,,,,,,,,,,,,00:00:00,not_delivering,2026-02-09,2026-04-08,2026-03-01,2026-02-09,2026-03-31,Interacción,120239397673820055,Buk,120239610112580055,120239610112570055,3327383120855148,,,0,,79614,0,0,0.01982264,4.01490819,2650,0,0,,0,0,540600,0,,,,,,,1.20586631,0,5406,0,0
"[BUK] Reel - POV: Es 2006, tienes el MP3 - 11/02",not_delivering,,,,3,Diario,0,0,0,"En curso","7 días tras clic o 1 día tras visualización",0,ABSOLUTE_OCPM,2026-02-11T12:49:58-0500,-,-,-,"[BUK] 4. IG - Publico Objetivo  Golosinas",,,,,0,0,0,0,0,,,,,,,,,0,,0,,,,,0,,,0,,0,0,0,,,0,,,,,,0,,,0,,,,,,,,,,,,,,,,,,0,,,,0,0,0,,,,,,,,,,,,,,,,,,,,,,00:00:00,inactive,2026-02-11,2026-04-08,2026-03-01,2026-02-11,2026-03-31,Interacción,120239397673820055,Buk,120239689210620055,120239689210630055,3327383120855148,,,0,,0,0,0,0,0,0,0,0,,0,0,,0,,,,,,,,,0,,
"[BUK] Reel - POV: Es 2006, tienes el MP3 - 11/02",not_delivering,,,,3,Diario,0,0,0,"En curso","7 días tras clic o 1 día tras visualización",0,ABSOLUTE_OCPM,2026-02-11T12:52:36-0500,-,-,-,"[BUK] 3. FB - Publico Objetivo  Golosinas",,,,,0,0,0,0,0,,,,,,,,,0,,0,,,,,0,,,0,,0,0,0,,,0,,,,,,0,,,0,,,,,,,,,,,,,,,,,,0,,,,0,0,0,,,,,,,,,,,,,,,,,,,,,,00:00:00,inactive,2026-02-11,2026-04-08,2026-03-01,2026-02-11,2026-03-31,Interacción,120239397673820055,Buk,120239689289700055,120239689289690055,3327383120855148,,,0,,0,0,0,0,0,0,0,0,,0,0,,0,,,,,,,,,0,,
"[BUK] Reel - Spoiler: la mejor respuesta e- 12/02",inactive,,,,3,Diario,0,0,0,"En curso","7 días tras clic o 1 día tras visualización",0,ABSOLUTE_OCPM,2026-02-13T19:13:42-0500,-,-,-,"[BUK] 5. IG - Publico Objetivo  Golosinas",,,,,0,0,0,0,0,,,,,,,,,0,,0,,,,,0,,,0,,0,0,0,,,0,,,,,,0,,,0,,,,,,,,,,,,,,,,,,0,,,,0,0,0,,,,,,,,,,,,,,,,,,,,,,00:00:00,inactive,2026-02-13,2026-04-08,2026-03-01,2026-02-13,2026-03-31,Interacción,120239397673820055,Buk,120239769242870055,120239769242860055,3327383120855148,,,0,,0,0,0,0,0,0,0,0,,0,0,,0,,,,,,,,,0,,
"[BUK] Post - Manual rápido para domar las - 13/02",not_delivering,,,,3,Diario,0,0,0,"En curso","7 días tras clic o 1 día tras visualización",0,ABSOLUTE_OCPM,2026-02-13T19:16:32-0500,-,-,-,"[BUK] 6. IG - Publico Objetivo  Golosinas",,,,,0,0,0,0,0,,,,,,,,,0,,0,,,,,0,,,0,,0,0,0,,,0,,,,,,0,,,0,,,,,,,,,,,,,,,,,,0,,,,0,0,0,,,,,,,,,,,,,,,,,,,,,,00:00:00,inactive,2026-02-13,2026-04-08,2026-03-01,2026-02-13,2026-03-31,Interacción,120239397673820055,Buk,120239769273460055,120239769273450055,3327383120855148,,,0,,0,0,0,0,0,0,0,0,,0,0,,0,,,,,,,,,0,,
"[BUK] Post - POV: Tu garganta abandonó 14/02",not_delivering,13562,actions:post_engagement,0.00115912,3,Diario,15.72,20267,19460,"En curso","7 días tras clic o 1 día tras visualización",0,ABSOLUTE_OCPM,2026-02-20T08:58:50-0500,"Por debajo del promedio - 35% de los anuncios menos relevantes","Por debajo del promedio - 35% de los anuncios menos relevantes","Por encima del promedio","[BUK] 7. IG - Publico Objetivo  Golosinas",,,66.91666255,,1.04147,0.807811,0.775645,19143,21615,19590,0.003025,0.001173,,5197,13407,,,34,,0,,,,,0.462353,,,0.462353,,0.16776,0,0.174717,,,34,,,,,,25,,,0,2,0.001159,,143,0.001159,,,,13562,13562,,,,9,1,,,0,,,,0,0,0,,,,,,,,,,,,,,,,66.151873,6156,4072,3318,2471,1395,15,not_delivering,2026-02-20,2026-04-08,2026-03-01,2026-02-20,2026-03-31,Interacción,120239397673820055,Buk,120239964735740055,120239964735750055,3327383120855148,,,0,,20267,0,0,0.01917073,4.21377184,820,0,0,,0,0,,0,,,,,,,1.04146968,0,1550,,0.2564267
"[BUK] Post - No podemos desaparecer el - 19/02",not_delivering,618,actions:post_engagement,0.02527508,3,Diario,15.62,5420,3702,"En curso","7 días tras clic o 1 día tras visualización",0,ABSOLUTE_OCPM,2026-02-20T08:59:55-0500,"Por encima del promedio","Por debajo del promedio - 35% de los anuncios menos relevantes",Promedio,"[BUK] 8. IG - Publico Objetivo  Golosinas",,,11.40221402,,1.464073,4.219341,2.881919,3702,5427,,,,,,,,,6,,0,,,,,2.603333,,,2.603333,,0.110701,0,0.162075,,,6,,,,,,3,,,0,,0.025275,,607,0.025275,,,,618,618,,,,8,3,,,0,,,,0,0,0,,,,,,,,,,,,,,,,,,,,,,00:00:00,not_delivering,2026-02-20,2026-04-08,2026-03-01,2026-02-20,2026-03-31,Interacción,120239397673820055,Buk,120239964764170055,120239964764160055,3327383120855148,,,0,,5427,0,0,0.06508333,6.48298217,240,0,0,,0,0,,0,,,,,,,1.46407347,0,618,,0
"[BUK] Reel -  No podemos desaparecer el - 19/02",not_delivering,781,actions:post_engagement,0.01973111,3,Diario,15.41,29226,23767,"En curso","7 días tras clic o 1 día tras visualización",0,ABSOLUTE_OCPM,2026-02-20T09:01:16-0500,"Por encima del promedio",Promedio,Promedio,"[BUK] 4. FB - Publico Objetivo  Golosinas",,,2.67227811,,1.229688,0.648378,0.52727,23755,29258,,,,,,,,,737,,0,232,,,,0.021674,0.067293,0.066422,0.020909,0.793814,2.521727,0.963521,2.991543,,,711,229,,,,,0,,,0,1,0.019731,,540,0.019731,,,,781,781,,,,7,1,,,0,,,,0,0,0,,,,,,,,,,,5,,,,,,,,,,,00:00:00,not_delivering,2026-02-20,2026-04-08,2026-03-01,2026-02-20,2026-03-31,Interacción,120239397673820055,Buk,120239964779800055,120239964779810055,3327383120855148,,,0,,29235,0,0,0.02370769,2.7348845,650,0,0,,0,0,336.63793103,0,,,,,,,1.22968822,0,781,0,0
"[BUK] Reel - 27/03  El corazón sana, pero la gargan",inactive,375,actions:post_engagement,0.02938667,10,Diario,11.02,1501,375,2026-03-31,"7 días tras clic o 1 día tras visualización",0,ABSOLUTE_OCPM,2026-03-10T12:03:30-0500,-,-,-,"[BUK] Segmentos de Seguidores",,,24.98334444,,4.002667,29.386667,7.341772,373,1402,870,0.155211,0.032412,,71,340,,,8,,0,,,,,1.574286,,,1.3775,,0.532978,0,1.866667,,,7,,,,,,8,,,0,1,0.029387,,31,0.029387,,,,375,375,,,,2,1,,,0,,,,0,0,0,,,,,,,,,,,,,,,,22.651566,201,99,58,45,43,7,completed,2026-03-10,2026-03-16,2026-03-01,2026-03-10,2026-03-31,Interacción,120240665952090055,Buk,120240665951990055,120240665952050055,3327383120855148,,,0,,1504,0,0,0.2755,10.66666667,40,0,0,,0,0,,0,,,,,,,4.00266667,0,78,,0.0473018
"[BUK] Reel - 28/03  El profe se pasó de frío, pero m",inactive,385,actions:post_engagement,0.03264935,10,Diario,12.57,1693,355,2026-03-31,"7 días tras clic o 1 día tras visualización",0,ABSOLUTE_OCPM,2026-03-10T12:03:30-0500,-,-,-,"[BUK] Segmentos de Seguidores",,,22.74069699,,4.769014,35.408451,7.42469,348,1681,1007,0.149643,0.034917,,84,360,,,5,,0,,,,,3.1425,,,2.514,,0.295334,0,1.126761,,,4,,,,,,6,,,0,,0.032649,,24,0.032649,,,,385,385,,,,,1,,,0,,,,0,0,0,,,,,,,,,,,,,,,,21.264028,212,105,71,60,57,11,completed,2026-03-10,2026-03-16,2026-03-01,2026-03-10,2026-03-31,Interacción,120240665952090055,Buk,120240666181300055,120240665952050055,3327383120855148,,,0,,1693,0,0,0.31425,11.26760563,40,0,0,,0,0,,0,,,,,,,4.76901408,0,82,,0.04961607
"[BUK] Reel - 04/03  Encuentra tu sensación de alivio y frescura en tu botica o farmacia más cercana ☀️🥊 #Buk #Tos #CaramelosBuk #Verano",inactive,1231,actions:post_engagement,0.03419984,10,Diario,42.1,5215,454,2026-03-31,"7 días tras clic o 1 día tras visualización",0,ABSOLUTE_OCPM,2026-03-10T12:03:30-0500,"Por debajo del promedio - 10% de los anuncios menos relevantes","Por debajo del promedio - 20% de los anuncios menos relevantes",Promedio,"[BUK] Segmentos de Seguidores",,,23.60498562,,11.486784,92.731278,8.072867,449,5120,4267,0.158271,0.035348,,266,1191,,,15,,0,,,,,3.007143,,,2.806667,,0.287632,0,3.0837,,,14,,,,,,16,,,0,1,0.0342,,39,0.0342,,,,1231,1231,,,,,,,,0,,,1,0,0,0,,,,42.1,,,,,,,,,,,,22.837967,660,344,230,189,185,12,completed,2026-03-10,2026-03-25,2026-03-01,2026-03-10,2026-03-31,Interacción,120240665952090055,Buk,120240666220980055,120240665952050055,3327383120855148,,,0,,5224,0,0,0.70166667,13.21585903,60,0,0,,0,0,,0,,,,,,,11.48678414,0,225,,0.05100671
"[BUK] Reel - 06/03  ¿Confirmamos que es la mejor sensación del mundo? 🤤🏠 Un Buk y recién siento que me vuelve el alma al cuerpo ❄️🍬 #Buk #Tos #CaramelosBuk #Verano #Libertad #Calor",inactive,408,actions:post_engagement,0.0364951,10,Diario,14.89,1753,365,2026-03-31,"7 días tras clic o 1 día tras visualización",0,ABSOLUTE_OCPM,2026-03-10T12:03:30-0500,-,-,-,"[BUK] Segmentos de Seguidores",,,23.27438677,,4.80274,40.794521,8.49401,357,1679,1048,0.101293,0.039813,,147,374,,,8,,0,,,,,1.86125,,,1.86125,,0.456361,0,2.191781,,,8,,,,,,10,,,0,1,0.036495,,27,0.036495,,,,408,408,,,,4,2,,,0,,,,0,0,0,,,,,,,,,,,,,,,,21.334855,168,127,105,58,55,10,completed,2026-03-10,2026-03-16,2026-03-01,2026-03-10,2026-03-31,Interacción,120240665952090055,Buk,120240666241590055,120240665952050055,3327383120855148,,,0,,1753,0,0,0.2978,13.69863014,50,0,0,,0,0,,0,,,,,,,4.80273973,0,89,,0.08385625
"[BUK] Reel - 08/03  La verdadera multitasker, la que carga mil niveles a la vez. ¡En Buk sabemos que nada te debe frenar! Por eso, te damos la sensación de alivio y frescura para que sigas conquistando tu mundo 🚀 #MujerMultiplayer #BukParaTodas #NoLagDeGarganta #Buk #Tos #CaramelosBuk #VocesImparables #8Marzo #MujeresPeruanas #8M #PowerFemenino",inactive,57,actions:post_engagement,0.23736842,10,Diario,13.53,1450,272,2026-03-31,"7 días tras clic o 1 día tras visualización",0,ABSOLUTE_OCPM,2026-03-10T12:03:30-0500,"Por debajo del promedio - 20% de los anuncios menos relevantes","Por debajo del promedio - 35% de los anuncios menos relevantes","Por debajo del promedio - 20% de los anuncios menos relevantes","[BUK] Segmentos de Seguidores",,,3.93103448,,5.330882,49.742647,9.331034,272,1458,10,4.51,1.932857,,3,7,,,4,,0,,,,,3.3825,,,3.3825,,0.275862,0,1.470588,,,4,,,,,,4,,,0,,0.237368,,46,0.237368,,,,57,57,,,,,4,,,0,,,,0,0,0,,,,,,,,,,,,,,,,0.482759,3,2,2,1,1,12,completed,2026-03-10,2026-03-30,2026-03-01,2026-03-10,2026-03-31,Interacción,120240665952090055,Buk,120240666255630055,120240665952050055,3327383120855148,,,0,,1468,0,0,0.451,11.02941176,30,0,0,,0,0,,0,,,,,,,5.33088235,0,51,,0.00206897
"[BUK] Reel - 04/03  Encuentra tu sensación de alivio y frescura en tu botica o farmacia más cercana ☀️🥊 #Buk #Tos #CaramelosBuk #Verano",inactive,200531,actions:post_engagement,0.00046856,10,Diario,93.96,250427,230329,2026-03-31,"7 días tras clic o 1 día tras visualización",0,ABSOLUTE_OCPM,2026-03-10T12:30:46-0500,Promedio,"Por encima del promedio","Por encima del promedio","[BUK] Segmentos Jóvenes - FB",,,80.07563082,,1.087258,0.407938,0.375199,227654,277609,248382,0.001081,0.00047,,86958,199816,,,1531,,0,1,,,,0.061654,93.96,93.96,0.061372,0.000399,0.611356,0.000434,0.661662,,,1524,1,,,,,0,,,0,6,0.000469,,626,0.000469,,,,200531,200531,,,,,82,,,0,,,,0,0,0,,,,,,,,,,,,,,,,79.790118,170707,112291,79769,51951,23538,12,completed,2026-03-10,2026-03-25,2026-03-01,2026-03-10,2026-03-31,Interacción,120240665952090055,Buk,120240666282370055,120240666282360055,3327383120855148,,,0,,250432,0,0,0.00728372,5.60068424,12900,0,0,,0,0,20053100,0,,,,,,,1.08725779,0,24253,0,0.34723892
"[BUK] Reel - 08/03  La verdadera multitasker, la que carga mil niveles a la vez. ¡En Buk sabemos que nada te debe frenar! Por eso, te damos la sensación de alivio y frescura para que sigas conquistando tu mundo 🚀 #MujerMultiplayer #BukParaTodas #NoLagDeGarganta #Buk #Tos #CaramelosBuk #VocesImparables #8Marzo #MujeresPeruanas #8M #PowerFemenino",not_delivering,,,,10,Diario,0,0,0,2026-03-31,"7 días tras clic o 1 día tras visualización",0,ABSOLUTE_OCPM,2026-03-10T12:30:46-0500,-,-,-,"[BUK] Segmentos Jóvenes - FB",,,,,0,0,0,0,0,,,,,,,,,0,,0,,,,,0,,,0,,0,0,0,,,0,,,,,,0,,,0,,,,,,,,,,,,,,,,,,0,,,,0,0,0,,,,,,,,,,,,,,,,,,,,,,00:00:00,completed,2026-03-10,2026-03-10,2026-03-01,2026-03-10,2026-03-31,Interacción,120240665952090055,Buk,120240666282380055,120240666282360055,3327383120855148,,,0,,0,0,0,0,0,0,0,0,,0,0,,0,,,,,,,,,0,,
"[BUK] Reel - 06/03  ¿Confirmamos que es la mejor sensación del mundo? 🤤🏠 Un Buk y recién siento que me vuelve el alma al cuerpo ❄️🍬 #Buk #Tos #CaramelosBuk #Verano #Libertad #Calor",inactive,115849,actions:post_engagement,0.0004221,10,Diario,48.9,140444,130692,2026-03-31,"7 días tras clic o 1 día tras visualización",0,ABSOLUTE_OCPM,2026-03-10T12:30:46-0500,"Por debajo del promedio - 35% de los anuncios menos relevantes","Por encima del promedio","Por encima del promedio","[BUK] Segmentos Jóvenes - FB",,,82.48768192,,1.074618,0.374162,0.348181,129640,154520,139475,0.000565,0.000424,,86608,115285,,,1151,,0,2,,,,0.043896,24.45,24.45,0.042485,0.001424,0.819544,0.00153,0.852386,,,1114,2,,,,,0,,,0,14,0.000422,,457,0.000422,,,,115849,115849,,,,4,87,,,0,,,,0,0,0,,,,,,,,,,,,,,,,82.086098,89991,84529,63756,21360,12264,23,completed,2026-03-10,2026-03-16,2026-03-01,2026-03-10,2026-03-31,Interacción,120240665952090055,Buk,120240666282390055,120240666282360055,3327383120855148,,,0,,140447,0,0,0.00835897,4.47617299,5850,0,0,,0,0,5792450,0,,,,,,,1.07461819,0,12828,0,0.61667284
"[BUK] Reel - 27/03  El corazón sana, pero la gargan",inactive,12642,actions:post_engagement,0.00066287,10,Diario,8.38,14893,13983,2026-03-31,"7 días tras clic o 1 día tras visualización",0,ABSOLUTE_OCPM,2026-03-10T12:30:46-0500,"Por debajo del promedio - 35% de los anuncios menos relevantes","Por encima del promedio","Por encima del promedio","[BUK] Segmentos Jóvenes - FB",,,84.88551669,,1.065079,0.599299,0.56268,13781,16009,14597,0.003474,0.000667,,2412,12565,,,144,,0,43,,,,0.059433,0.194884,0.194884,0.058194,0.288726,0.966897,0.307516,1.008367,,,141,43,,,,,0,,,0,,0.000663,,32,0.000663,,,,12642,12642,,,,,2,,,0,,,,0,0,0,,,,,,,,,,,1,,,,,84.368495,9424,3583,1782,958,746,10,completed,2026-03-10,2026-03-25,2026-03-01,2026-03-10,2026-03-31,Interacción,120240665952090055,Buk,120240666282400055,120240666282360055,3327383120855148,,,0,,14893,0,0,0.02539394,2.36000858,330,0,0,,0,0,29400,0,,,,,,,1.06507902,0,823,0,0.16195528
"[BUK] Reel - 28/03  El profe se pasó de frío, pero m",not_delivering,117,actions:post_engagement,0.00025641,10,Diario,0.03,182,181,2026-03-31,"7 días tras clic o 1 día tras visualización",0,ABSOLUTE_OCPM,2026-03-10T12:30:46-0500,-,-,-,"[BUK] Segmentos Jóvenes - FB",,,64.28571429,,1.005525,0.165746,0.164835,176,190,177,0.001034,0.000256,,29,117,,,4,,0,,,,,0.0075,,,0.0075,,2.197802,0,2.209945,,,4,,,,,,0,,,0,,0.000256,,,0.000256,,,,117,117,,,,,,,,0,,,,0,0,0,,,,,,,,,,,,,,,,64.285714,96,36,19,12,7,8,completed,2026-03-10,2026-03-10,2026-03-01,2026-03-10,2026-03-31,Interacción,120240665952090055,Buk,120240666282410055,120240666282360055,3327383120855148,,,0,,182,0,0,0.003,5.52486188,10,0,0,,0,0,,0,,,,,,,1.00552486,0,7,,0.15934066
"[BUK] Reel - 04/03  Encuentra tu sensación de alivio y frescura en tu botica o farmacia más cercana ☀️🥊 #Buk #Tos #CaramelosBuk #Verano",inactive,35296,actions:post_engagement,0.00084061,20,Diario,29.67,47125,46116,2026-03-31,"7 días tras clic o 1 día tras visualización",0,ABSOLUTE_OCPM,2026-03-10T12:32:09-0500,Promedio,"Por debajo del promedio - 35% de los anuncios menos relevantes","Por encima del promedio","[BUK] Segmentos Jóvenes - IG",,,74.89867374,,1.02188,0.643378,0.629602,45631,51084,45943,0.002812,0.000843,,10551,35179,,,63,,0,,,,,0.470952,,,0.470952,,0.133687,0,0.136612,,,63,,,,,,46,,,0,2,0.000841,,102,0.000841,,,,35296,35296,,,,9,4,,,0,,,,0,0,0,,,,,,,,,,,,,,,,74.650398,25831,15089,9114,5573,4677,10,completed,2026-03-10,2026-03-16,2026-03-01,2026-03-10,2026-03-31,Interacción,120240665952090055,Buk,120240666519940055,120240666519970055,3327383120855148,,,0,,47131,0,0,0.01123864,5.72469425,2640,0,0,,0,0,,0,,,,,,,1.02187961,0,4794,,0.2238939
"[BUK] Reel - 06/03  ¿Confirmamos que es la mejor sensación del mundo? 🤤🏠 Un Buk y recién siento que me vuelve el alma al cuerpo ❄️🍬 #Buk #Tos #CaramelosBuk #Verano #Libertad #Calor",inactive,82797,actions:post_engagement,0.00101537,20,Diario,84.07,127240,112386,2026-03-31,"7 días tras clic o 1 día tras visualización",0,ABSOLUTE_OCPM,2026-03-10T12:32:09-0500,"Por debajo del promedio - 35% de los anuncios menos relevantes","Por debajo del promedio - 35% de los anuncios menos relevantes","Por encima del promedio","[BUK] Segmentos Jóvenes - IG",,,65.07151839,,1.132169,0.748047,0.66072,110839,137677,123616,0.001623,0.001021,,51801,82315,,,242,,0,,,,,0.347397,,,0.347397,,0.190192,0,0.215329,,,242,,,,,,168,,,0,32,0.001015,,407,0.001015,,,,82797,82797,,,,35,8,,,0,,,,0,0,0,,,,,,,,,,,,,,,,64.692707,55200,49786,34784,10040,8690,16,completed,2026-03-10,2026-03-16,2026-03-01,2026-03-10,2026-03-31,Interacción,120240665952090055,Buk,120240666519950055,120240666519970055,3327383120855148,,,0,,127247,0,0,0.01769895,4.22650508,4750,0,0,,0,0,,0,,,,,,,1.13216949,0,9172,,0.40711254
"[BUK] Reel - 27/03  El corazón sana, pero la gargan",inactive,119968,actions:post_engagement,0.00120749,20,Diario,144.86,151218,119082,2026-03-31,"7 días tras clic o 1 día tras visualización",0,ABSOLUTE_OCPM,2026-03-10T12:32:09-0500,"Por debajo del promedio - 35% de los anuncios menos relevantes","Por debajo del promedio - 35% de los anuncios menos relevantes","Por encima del promedio","[BUK] Segmentos Jóvenes - IG",,,79.33447076,,1.269864,1.216473,0.957955,117140,159941,148261,0.008266,0.001216,,17525,119159,,,325,,0,,,,,0.452688,,,0.445723,,0.214922,0,0.268722,,,320,,,,,,250,,,4,7,0.001207,,739,0.001207,,,,119968,119968,,,,48,15,,,0,,,,0,0,0,,,,,,,,,,,1,,,,,78.799482,81127,27328,12476,5966,5291,9,completed,2026-03-10,2026-03-25,2026-03-01,2026-03-10,2026-03-31,Interacción,120240665952090055,Buk,120240666520000055,120240666519970055,3327383120855148,,,0,,151219,0,0,0.02586786,4.70264188,5600,0,0,,0,0,,0,,,,,,,1.26986446,0,6100,,0.11589229
