"Inicio del informe","Fin del informe","Nombre del anuncio","Entrega del anuncio",Resultados,"Indicador de resultado","Costo por resultados","Presupuesto del conjunto de anuncios","Tipo de presupuesto del conjunto de anuncios","Importe gastado (USD)",Impresiones,Alcance,Finalización,"Configuración de atribución",Puja,"Tipo de puja","Último cambio significativo","Clasificación de calidad","Clasificación del porcentaje de interacción","Clasificación del porcentaje de conversiones","Nombre del conjunto de anuncios","CPM (costo por mil impresiones) (USD)",Frecuencia,"Clics en el enlace"
2026-03-01,2026-03-31,"[Depilé] Video- 04/02 - Fb",not_delivering,387,actions:post_engagement,0.02943152,3,Diario,11.39,3516,2472,"En curso","7 días tras clic o 1 día tras visualización",0,ABSOLUTE_OCPM,2026-02-11T12:22:55-0500,Promedio,"Por debajo del promedio - 35% de los anuncios menos relevantes",Promedio,"[Depilé] Depilé Glow - Piezas estáticas y dinámicas - FB -19",3.239477,1.42233,18
2026-03-01,2026-03-31,"[Depilé] Video-16/02 - IG",not_delivering,7474,actions:post_engagement,0.00224244,3,Diario,16.76,20280,18304,"En curso","7 días tras clic o 1 día tras visualización",0,ABSOLUTE_OCPM,2026-02-20T02:47:46-0500,Promedio,"Por debajo del promedio - 35% de los anuncios menos relevantes","Por encima del promedio","[Depilé] Depilé Glow - Piezas estáticas y dinámicas - IG -23",0.82643,1.107955,12
2026-03-01,2026-03-31,"[Depile] Depilé Glow - 04/03 - Post-No es magia, es nuestra fórm",inactive,18,actions:post_engagement,0.01722222,15,Diario,0.31,157,139,2026-03-31,"7 días tras clic o 1 día tras visualización",0,ABSOLUTE_OCPM,2026-03-10T11:27:18-0500,-,-,-,"[Depilé] Depilé Glow - Piezas estáticas y dinámicas - IG",1.974522,1.129496,2
2026-03-01,2026-03-31,"[Depile] Depilé Glow - 10/03 - Hay demasiados rumores sobre",inactive,17574,actions:post_engagement,0.00198361,15,Diario,34.86,51942,48164,2026-03-31,"7 días tras clic o 1 día tras visualización",0,ABSOLUTE_OCPM,2026-03-10T11:27:18-0500,"Por encima del promedio","Por debajo del promedio - 35% de los anuncios menos relevantes","Por encima del promedio","[Depilé] Depilé Glow - Piezas estáticas y dinámicas - IG",0.671133,1.07844,148
2026-03-01,2026-03-31,"[Depile] Depilé Glow - 07/03 - Este post es un recordatorio suave para que hoy hagas una pausa 💖✨ No para cumplir co",inactive,107,actions:post_engagement,0.0211215,15,Diario,2.26,870,792,2026-03-31,"7 días tras clic o 1 día tras visualización",0,ABSOLUTE_OCPM,2026-03-10T11:27:18-0500,"Por encima del promedio","Por debajo del promedio - 35% de los anuncios menos relevantes",Promedio,"[Depilé] Depilé Glow - Piezas estáticas y dinámicas - IG",2.597701,1.098485,2
2026-03-01,2026-03-31,"[Depile] Depilé Glow - 06/03 - Que este 8M sea el recordatorio de que la protagonista de tu vida eres tú. ✨ Ríete fuerte. ✨ Ponte lo que quieras. ✨ Ocupa espacio. ✨ Disfruta tu piel. #Depilé #DepiléGlow #8M #DiaDeLaMujer #MainCharacterEnergy #BrillaParaTi #8M #DepiléGlow #SelfLove #Empoderamiento #GlowUpInternal #Protagonista",inactive,194,actions:post_engagement,0.01958763,15,Diario,3.8,2004,1799,2026-03-31,"7 días tras clic o 1 día tras visualización",0,ABSOLUTE_OCPM,2026-03-10T11:27:18-0500,"Por encima del promedio","Por debajo del promedio - 35% de los anuncios menos relevantes",Promedio,"[Depilé] Depilé Glow - Piezas estáticas y dinámicas - IG",1.896208,1.113952,25
2026-03-01,2026-03-31,"[Depile] Depilé Glow - 27/02 - Reel -Nada se siente mejor que una p",inactive,10102,actions:post_engagement,0.00221243,15,Diario,22.35,22579,21572,2026-03-31,"7 días tras clic o 1 día tras visualización",0,ABSOLUTE_OCPM,2026-03-10T11:27:18-0500,Promedio,Promedio,"Por encima del promedio","[Depilé] Depilé Glow - Piezas estáticas y dinámicas - IG",0.989858,1.046681,48
2026-03-01,2026-03-31,"[Depilé] Depilé Glow - 12/03 - Reel - Esperar a que crezca? 📏✨",inactive,15665,actions:post_engagement,0.00242898,15,Diario,38.05,55397,50869,2026-03-31,"7 días tras clic o 1 día tras visualización",0,ABSOLUTE_OCPM,2026-03-10T11:27:18-0500,Promedio,Promedio,"Por encima del promedio","[Depilé] Depilé Glow - Piezas estáticas y dinámicas - IG",0.68686,1.089013,
2026-03-01,2026-03-31,"[Depilé] 14/03 - Reel - Lo quieres, lo tienes. (Y sin sa",inactive,2280,actions:post_engagement,0.00912281,5,Diario,20.8,8637,2300,2026-03-31,"7 días tras clic o 1 día tras visualización",0,ABSOLUTE_OCPM,2026-03-14T01:43:52-0500,"Por debajo del promedio - 35% de los anuncios menos relevantes","Por debajo del promedio - 20% de los anuncios menos relevantes",Promedio,"[Depilé] Depilé Glow - Piezas estáticas y dinámicas - Seguidores",2.408244,3.755217,
2026-03-01,2026-03-31,"[Depilé] Depilé Glow -  14/03 - Lo quieres, lo tienes. (Y sin sa",inactive,22371,actions:post_engagement,0.00298511,15,Diario,66.78,79372,55461,2026-03-31,"7 días tras clic o 1 día tras visualización",0,ABSOLUTE_OCPM,2026-03-10T11:27:18-0500,Promedio,"Por debajo del promedio - 35% de los anuncios menos relevantes","Por encima del promedio","[Depilé] Depilé Glow - Piezas estáticas y dinámicas - IG",0.841355,1.431132,
2026-03-01,2026-03-31,"[Depilé] Depilé Glow - 14/03 - Carrusel -  ¿Depilarse los brazos? Si tú qu",not_delivering,2,actions:post_engagement,0,5,Diario,0,8,7,2026-03-31,"7 días tras clic o 1 día tras visualización",0,ABSOLUTE_OCPM,2026-03-14T01:43:52-0500,-,-,-,"[Depilé] Depilé Glow - Piezas estáticas y dinámicas - Seguidores",0,1.142857,
2026-03-01,2026-03-31,"[Depilé] Depilé Glow - 14/03 - carrusel -  ¿Depilarse los brazos? Si tú",not_delivering,2,actions:post_engagement,0,15,Diario,0,6,6,2026-03-31,"7 días tras clic o 1 día tras visualización",0,ABSOLUTE_OCPM,2026-03-10T11:27:18-0500,-,-,-,"[Depilé] Depilé Glow - Piezas estáticas y dinámicas - IG",0,1,
2026-03-01,2026-03-31,"[Depilé] 18/03 Reel -  Bandas o Crema? Es la pregu",not_delivering,1344,actions:post_engagement,0.00892857,5,Diario,12,5395,1779,2026-03-31,"7 días tras clic o 1 día tras visualización",0,ABSOLUTE_OCPM,2026-03-14T01:43:52-0500,Promedio,"Por debajo del promedio - 20% de los anuncios menos relevantes",Promedio,"[Depilé] Depilé Glow - Piezas estáticas y dinámicas - Seguidores",2.224282,3.032603,
2026-03-01,2026-03-31,"[Depilé] 15/03 Reel -  Sin copy",not_delivering,1461,actions:post_engagement,0.00813142,5,Diario,11.88,5537,1661,2026-03-31,"7 días tras clic o 1 día tras visualización",0,ABSOLUTE_OCPM,2026-03-14T01:43:52-0500,Promedio,"Por debajo del promedio - 20% de los anuncios menos relevantes",Promedio,"[Depilé] Depilé Glow - Piezas estáticas y dinámicas - Seguidores",2.145566,3.333534,2
2026-03-01,2026-03-31,"[Depilé] Depilé Glow - 15/03 - Sin copy",inactive,55991,actions:post_engagement,0.00151649,15,Diario,84.91,102635,91504,2026-03-31,"7 días tras clic o 1 día tras visualización",0,ABSOLUTE_OCPM,2026-03-10T11:27:18-0500,Promedio,Promedio,"Por encima del promedio","[Depilé] Depilé Glow - Piezas estáticas y dinámicas - IG",0.827301,1.121645,
2026-03-01,2026-03-31,"[Depilé] Depilé Glow - 18/03 - ¿Bandas o Crema? Es la pregun",inactive,2783,actions:post_engagement,0.00288538,15,Diario,8.03,9233,8739,2026-03-31,"7 días tras clic o 1 día tras visualización",0,ABSOLUTE_OCPM,2026-03-10T11:27:18-0500,"Por encima del promedio",Promedio,"Por encima del promedio","[Depilé] Depilé Glow - Piezas estáticas y dinámicas - IG",0.869706,1.056528,
2026-03-01,2026-03-31,"[Depilé] 15/03 - Reel - Marzo = Volver a la rutina",not_delivering,87,actions:post_engagement,0.00816092,5,Diario,0.71,320,211,2026-03-31,"7 días tras clic o 1 día tras visualización",0,ABSOLUTE_OCPM,2026-03-14T01:43:52-0500,-,-,-,"[Depilé] Depilé Glow - Piezas estáticas y dinámicas - Seguidores",2.21875,1.516588,
2026-03-01,2026-03-31,"[Depilé] 18/03 - Reel - ¿Bandas o Crema? Es la preg",not_delivering,52,actions:post_engagement,0.00846154,5,Diario,0.44,185,148,2026-03-31,"7 días tras clic o 1 día tras visualización",0,ABSOLUTE_OCPM,2026-03-14T01:43:52-0500,-,-,-,"[Depilé] Depilé Glow - Piezas estáticas y dinámicas - Seguidores",2.378378,1.25,
2026-03-01,2026-03-31,"[Depilé] 21/03 - Reel - Les dimos las bandas y una cá",not_delivering,733,actions:post_engagement,0.00723056,5,Diario,5.3,2366,1019,2026-03-31,"7 días tras clic o 1 día tras visualización",0,ABSOLUTE_OCPM,2026-03-14T01:43:52-0500,"Por debajo del promedio - 35% de los anuncios menos relevantes","Por debajo del promedio - 20% de los anuncios menos relevantes",Promedio,"[Depilé] Depilé Glow - Piezas estáticas y dinámicas - Seguidores",2.240068,2.321884,
2026-03-01,2026-03-31,"[Depilé] 22/03 - Reel -Hay dos tipos de domingos: los",not_delivering,,,,5,Diario,0,0,0,2026-03-31,"7 días tras clic o 1 día tras visualización",0,ABSOLUTE_OCPM,2026-03-14T01:43:52-0500,-,-,-,"[Depilé] Depilé Glow - Piezas estáticas y dinámicas - Seguidores",0,0,
2026-03-01,2026-03-31,"[Depilé] Depilé Glow - 21/03 - Les dimos las bandas y una cá",inactive,41535,actions:post_engagement,0.00164367,15,Diario,68.27,70064,64009,2026-03-31,"7 días tras clic o 1 día tras visualización",0,ABSOLUTE_OCPM,2026-03-10T11:27:18-0500,"Por debajo del promedio - 35% de los anuncios menos relevantes",Promedio,"Por encima del promedio","[Depilé] Depilé Glow - Piezas estáticas y dinámicas - IG",0.974395,1.094596,
2026-03-01,2026-03-31,"[Depilé] Depilé Glow - 22/03 - Hay dos tipos de domingos:",not_delivering,1,actions:post_engagement,0,15,Diario,0,2,2,2026-03-31,"7 días tras clic o 1 día tras visualización",0,ABSOLUTE_OCPM,2026-03-10T11:27:18-0500,-,-,-,"[Depilé] Depilé Glow - Piezas estáticas y dinámicas - IG",0,1,
2026-03-01,2026-03-31,"[Depilé] Depilé Glow - 27/03 - Soft vs. Sticky 🍬✨ 💖 Crem",not_delivering,246,actions:post_engagement,0.00195122,15,Diario,0.48,629,621,2026-03-31,"7 días tras clic o 1 día tras visualización",0,ABSOLUTE_OCPM,2026-03-10T11:27:18-0500,-,-,-,"[Depilé] Depilé Glow - Piezas estáticas y dinámicas - IG",0.763116,1.012882,
2026-03-01,2026-03-31,"[Depilé] Depilé Glow - 29/03 - No dejes tu piel para el últi",not_delivering,21,actions:post_engagement,0.0052381,15,Diario,0.11,98,98,2026-03-31,"7 días tras clic o 1 día tras visualización",0,ABSOLUTE_OCPM,2026-03-10T11:27:18-0500,-,-,-,"[Depilé] Depilé Glow - Piezas estáticas y dinámicas - IG",1.122449,1,
2026-03-01,2026-03-31,"[Depilé] Depilé Glow - 30/03 - Armando maletas para el feri",not_delivering,1,actions:post_engagement,0,15,Diario,0,1,1,2026-03-31,"7 días tras clic o 1 día tras visualización",0,ABSOLUTE_OCPM,2026-03-10T11:27:18-0500,-,-,-,"[Depilé] Depilé Glow - Piezas estáticas y dinámicas - IG",0,1,
2026-03-01,2026-03-31,"[Depilé] 19/11/2025",not_delivering,1951718,reach,0.53783385,3900,Total,1049.7,2907778,1951718,2026-03-31,"7 días tras clic o 1 día tras visualización",0,ABSOLUTE_OCPM,2026-03-20T09:40:28-0500,"Por debajo del promedio - 35% de los anuncios menos relevantes",-,-,"[Depilé] Video Madre 9:16 - IG - 32 seg",0.360997,1.489856,89
2026-03-01,2026-03-31,"[Depilé] 19/11/2025 - FB",not_delivering,385325,reach,0.49589308,550,Total,191.08,565093,385325,2026-03-31,"7 días tras clic o 1 día tras visualización",0,ABSOLUTE_OCPM,2026-03-20T09:40:42-0500,"Por debajo del promedio - 35% de los anuncios menos relevantes",-,-,"[Depilé] Video Madre 9:16 - FB- 32 seg",0.338139,1.466536,700
2026-03-01,2026-03-31,"[Depilé] 19/11/2025 - Seguidores",not_delivering,1646,reach,5.10328068,300,Total,8.4,1811,1646,2026-03-31,"7 días tras clic o 1 día tras visualización",0,ABSOLUTE_OCPM,2026-03-06T05:52:21-0500,-,-,-,"[Depilé] Video Madre 9:16 - IG - 32 seg - Seguidores",4.638321,1.100243,
2026-03-01,2026-03-31,"[Depilé] Video-04/02 - IG - 2",not_delivering,5282,actions:post_engagement,0.00280197,3,Diario,14.8,10400,9295,"En curso","7 días tras clic o 1 día tras visualización",0,ABSOLUTE_OCPM,2026-02-11T12:00:59-0500,Promedio,"Por debajo del promedio - 35% de los anuncios menos relevantes","Por encima del promedio","[Depilé] Depilé Glow - Piezas estáticas y dinámicas - IG -20",1.423077,1.118881,
2026-03-01,2026-03-31,"[Depilé] Video-06/02 - IG",not_delivering,196,actions:post_engagement,0.04147959,3,Diario,8.13,1680,1227,"En curso","7 días tras clic o 1 día tras visualización",0,ABSOLUTE_OCPM,2026-02-11T12:02:13-0500,"Por debajo del promedio - 35% de los anuncios menos relevantes","Por debajo del promedio - 35% de los anuncios menos relevantes",Promedio,"[Depilé] Depilé Glow - Piezas estáticas y dinámicas - IG -21",4.839286,1.369193,9
2026-03-01,2026-03-31,"[Depilé] Video- 28/01 - FB",not_delivering,8897,actions:post_engagement,0.00204901,3,Diario,18.23,26120,25984,"En curso","7 días tras clic o 1 día tras visualización",0,ABSOLUTE_OCPM,2026-02-11T12:16:39-0500,"Por debajo del promedio - 35% de los anuncios menos relevantes","Por debajo del promedio - 35% de los anuncios menos relevantes","Por encima del promedio","[Depilé] Depilé Glow - Piezas estáticas y dinámicas - FB -18",0.697933,1.005234,
2026-03-01,2026-03-31,"[Depilé] Video- 04/02 - Fb - 2",not_delivering,5695,actions:post_engagement,0.00268657,3,Diario,15.3,10526,10171,"En curso","7 días tras clic o 1 día tras visualización",0,ABSOLUTE_OCPM,2026-02-11T12:24:03-0500,Promedio,"Por debajo del promedio - 35% de los anuncios menos relevantes","Por encima del promedio","[Depilé] Depilé Glow - Piezas estáticas y dinámicas - FB -20",1.453544,1.034903,13
2026-03-01,2026-03-31,"[Depilé] Video- 06/02 - Fb",not_delivering,281,actions:post_engagement,0.03430605,3,Diario,9.64,2052,1518,"En curso","7 días tras clic o 1 día tras visualización",0,ABSOLUTE_OCPM,2026-02-11T12:25:01-0500,Promedio,"Por debajo del promedio - 35% de los anuncios menos relevantes",Promedio,"[Depilé] Depilé Glow - Piezas estáticas y dinámicas - FB -21",4.697856,1.351779,17
2026-03-01,2026-03-31,"[Depilé] Video-15/02 - IG",not_delivering,6473,actions:post_engagement,0.00237139,3,Diario,15.35,13171,12202,"En curso","7 días tras clic o 1 día tras visualización",0,ABSOLUTE_OCPM,2026-02-20T02:45:22-0500,Promedio,"Por debajo del promedio - 35% de los anuncios menos relevantes","Por encima del promedio","[Depilé] Depilé Glow - Piezas estáticas y dinámicas - IG -22",1.165439,1.079413,
2026-03-01,2026-03-31,"[Depilé] Video-19/02 - IG",not_delivering,10937,actions:post_engagement,0.00164213,3,Diario,17.96,26166,23624,"En curso","7 días tras clic o 1 día tras visualización",0,ABSOLUTE_OCPM,2026-02-20T02:49:05-0500,Promedio,"Por debajo del promedio - 35% de los anuncios menos relevantes","Por encima del promedio","[Depilé] Depilé Glow - Piezas estáticas y dinámicas - IG -24",0.686387,1.107602,
2026-03-01,2026-03-31,"[Depile] Depilé Glow - 27/02 - Reel -Nada se siente mejor que una p",inactive,986,actions:post_engagement,0.00817444,5,Diario,8.06,3872,1803,2026-03-31,"7 días tras clic o 1 día tras visualización",0,ABSOLUTE_OCPM,2026-03-14T01:43:52-0500,"Por debajo del promedio - 35% de los anuncios menos relevantes","Por debajo del promedio - 20% de los anuncios menos relevantes",Promedio,"[Depilé] Depilé Glow - Piezas estáticas y dinámicas - Seguidores",2.081612,2.147532,
2026-03-01,2026-03-31,"[Depile] Depilé Glow - 04/03 - Post-No es magia, es nuestra fórm",inactive,6,actions:post_engagement,0.01166667,5,Diario,0.07,27,23,2026-03-31,"7 días tras clic o 1 día tras visualización",0,ABSOLUTE_OCPM,2026-03-14T01:43:52-0500,-,-,-,"[Depilé] Depilé Glow - Piezas estáticas y dinámicas - Seguidores",2.592593,1.173913,
2026-03-01,2026-03-31,"[Depile] Depilé Glow - 06/03 - Que este 8M sea el recordatorio de que la protagonista de tu vida eres tú. ✨ Ríete fuerte. ✨ Ponte lo que quieras. ✨ Ocupa espacio. ✨ Disfruta tu piel. #Depilé #DepiléGlow #8M #DiaDeLaMujer #MainCharacterEnergy #BrillaParaTi #8M #DepiléGlow #SelfLove #Empoderamiento #GlowUpInternal #Protagonista",inactive,4,actions:post_engagement,0.0075,5,Diario,0.03,25,18,2026-03-31,"7 días tras clic o 1 día tras visualización",0,ABSOLUTE_OCPM,2026-03-14T01:43:52-0500,-,-,-,"[Depilé] Depilé Glow - Piezas estáticas y dinámicas - Seguidores",1.2,1.388889,
2026-03-01,2026-03-31,"[Depile] Depilé Glow - 07/03 - Este post es un recordatorio suave para que hoy hagas una pausa 💖✨ No para cumplir co",inactive,3,actions:post_engagement,0.01333333,5,Diario,0.04,27,19,2026-03-31,"7 días tras clic o 1 día tras visualización",0,ABSOLUTE_OCPM,2026-03-14T01:43:52-0500,-,-,-,"[Depilé] Depilé Glow - Piezas estáticas y dinámicas - Seguidores",1.481481,1.421053,
2026-03-01,2026-03-31,"[Depile] Depilé Glow - 10/03 - Hay demasiados rumores sobre",inactive,1387,actions:post_engagement,0.00798846,5,Diario,11.08,5436,2306,2026-03-31,"7 días tras clic o 1 día tras visualización",0,ABSOLUTE_OCPM,2026-03-14T01:43:52-0500,"Por debajo del promedio - 35% de los anuncios menos relevantes","Por debajo del promedio - 20% de los anuncios menos relevantes",Promedio,"[Depilé] Depilé Glow - Piezas estáticas y dinámicas - Seguidores",2.038263,2.357329,30
2026-03-01,2026-03-31,"[Depile] Depilé Glow - 10/03 - Hay demasiados rumores sobre",inactive,23813,actions:post_engagement,0.00104985,10,Diario,25,49246,45403,2026-03-31,"7 días tras clic o 1 día tras visualización",0,ABSOLUTE_OCPM,0,Promedio,"Por encima del promedio","Por encima del promedio","[Depilé] Depilé Glow - Piezas estáticas y dinámicas - FB",0.507655,1.084642,2
2026-03-01,2026-03-31,"[Depile] Depilé Glow - 06/03 - Que este 8M sea el recordatorio de que la protagonista de tu vida eres tú. ✨ Ríete fuerte. ✨ Ponte lo que quieras. ✨ Ocupa espacio. ✨ Disfruta tu piel. #Depilé #DepiléGlow #8M #DiaDeLaMujer #MainCharacterEnergy #BrillaParaTi #8M #DepiléGlow #SelfLove #Empoderamiento #GlowUpInternal #Protagonista",not_delivering,10,actions:post_engagement,0,10,Diario,0,35,23,2026-03-31,"7 días tras clic o 1 día tras visualización",0,ABSOLUTE_OCPM,0,-,-,-,"[Depilé] Depilé Glow - Piezas estáticas y dinámicas - FB",0,1.521739,
2026-03-01,2026-03-31,"[Depile] Depilé Glow - 07/03 - Este post es un recordatorio suave para que hoy hagas una pausa 💖✨ No para cumplir co",not_delivering,2,actions:post_engagement,0,10,Diario,0,13,10,2026-03-31,"7 días tras clic o 1 día tras visualización",0,ABSOLUTE_OCPM,0,-,-,-,"[Depilé] Depilé Glow - Piezas estáticas y dinámicas - FB",0,1.3,
2026-03-01,2026-03-31,"[Depile] Depilé Glow - 04/03 - Post-No es magia, es nuestra fórm",not_delivering,1,actions:post_engagement,0,10,Diario,0,13,10,2026-03-31,"7 días tras clic o 1 día tras visualización",0,ABSOLUTE_OCPM,0,-,-,-,"[Depilé] Depilé Glow - Piezas estáticas y dinámicas - FB",0,1.3,
2026-03-01,2026-03-31,"[Depile] Depilé Glow - 27/02 - Reel -Nada se siente mejor que una p",inactive,28059,actions:post_engagement,0.00104494,10,Diario,29.32,45891,41535,2026-03-31,"7 días tras clic o 1 día tras visualización",0,ABSOLUTE_OCPM,0,Promedio,Promedio,Promedio,"[Depilé] Depilé Glow - Piezas estáticas y dinámicas - FB",0.638905,1.104875,168
2026-03-01,2026-03-31,"[Depile] 12/03 - Reel - Esperar a que crezca? 📏✨ L",inactive,1161,actions:post_engagement,0.00993971,5,Diario,11.54,5602,2371,2026-03-31,"7 días tras clic o 1 día tras visualización",0,ABSOLUTE_OCPM,2026-03-14T01:43:52-0500,"Por debajo del promedio - 35% de los anuncios menos relevantes","Por debajo del promedio - 20% de los anuncios menos relevantes",Promedio,"[Depilé] Depilé Glow - Piezas estáticas y dinámicas - Seguidores",2.059979,2.362716,
2026-03-01,2026-03-31,"[Depile] Depilé Glow - 12/03 - Reel",inactive,49322,actions:post_engagement,0.00079924,10,Diario,39.42,77194,61606,2026-03-31,"7 días tras clic o 1 día tras visualización",0,ABSOLUTE_OCPM,0,"Por debajo del promedio - 35% de los anuncios menos relevantes","Por encima del promedio","Por encima del promedio","[Depilé] Depilé Glow - Piezas estáticas y dinámicas - FB",0.510661,1.253027,234
2026-03-01,2026-03-31,"[Depilé] - Depilé Glow - 14/03 - Reel  - Lo quieres, lo tienes. (Y sin salir de casa) 🏠✨ Encuentra toda la línea Depilé Glow (Bandas, Crema y Gel) en nuestra web 😉 🔗 ¿Lo ves? ¿Lo quieres? Consíguelo en el link de la bio. #DepiléGlow #Depilé #Depilación #OnlineShopping #Ecommerce #Haul",inactive,33112,actions:post_engagement,0.00179965,10,Diario,59.59,65621,47001,2026-03-31,"7 días tras clic o 1 día tras visualización",0,ABSOLUTE_OCPM,0,Promedio,"Por debajo del promedio - 20% de los anuncios menos relevantes",Promedio,"[Depilé] Depilé Glow - Piezas estáticas y dinámicas - FB",0.908093,1.396162,1
2026-03-01,2026-03-31,"[Depilé]  18/03",inactive,37062,actions:post_engagement,0.00143543,10,Diario,53.2,80583,67395,2026-03-31,"7 días tras clic o 1 día tras visualización",0,ABSOLUTE_OCPM,0,"Por debajo del promedio - 35% de los anuncios menos relevantes","Por debajo del promedio - 35% de los anuncios menos relevantes",Promedio,"[Depilé] Depilé Glow - Piezas estáticas y dinámicas - FB",0.660189,1.195682,2
2026-03-01,2026-03-31,"[Depile] 25/03 - Reel - Marzo = Volver a la rutin",not_delivering,81940,actions:post_engagement,0.00077862,10,Diario,63.8,112215,100757,2026-03-31,"7 días tras clic o 1 día tras visualización",0,ABSOLUTE_OCPM,0,Promedio,"Por encima del promedio","Por encima del promedio","[Depilé] Depilé Glow - Piezas estáticas y dinámicas - FB",0.568551,1.113719,
2026-03-01,2026-03-31,"[Depilé] Video-27/01 - IG",not_delivering,30982,actions:post_engagement,0.00195081,10,Diario,60.44,92302,87244,"En curso","7 días tras clic o 1 día tras visualización",0,ABSOLUTE_OCPM,2026-01-29T08:33:13-0500,Promedio,"Por debajo del promedio - 35% de los anuncios menos relevantes","Por encima del promedio","[Depilé] Depilé Glow - Piezas estáticas y dinámicas - IG -18",0.654807,1.057975,
2026-03-01,2026-03-31,"[Depilé] Video- 18/01 - FB",not_delivering,513,actions:post_engagement,0.02165692,3,Diario,11.11,5586,4173,"En curso","7 días tras clic o 1 día tras visualización",0,ABSOLUTE_OCPM,2026-02-11T12:11:23-0500,"Por debajo del promedio - 35% de los anuncios menos relevantes","Por debajo del promedio - 35% de los anuncios menos relevantes",Promedio,"[Depilé] Depilé Glow - Piezas estáticas y dinámicas - FB -16",1.988901,1.338605,37
2026-03-01,2026-03-31,"[Depilé] Video- 19/01 - FB",not_delivering,14708,actions:post_engagement,0.00155766,3,Diario,22.91,31388,30645,"En curso","7 días tras clic o 1 día tras visualización",0,ABSOLUTE_OCPM,2026-02-11T12:15:20-0500,Promedio,"Por debajo del promedio - 35% de los anuncios menos relevantes","Por encima del promedio","[Depilé] Depilé Glow - Piezas estáticas y dinámicas - FB -17",0.729897,1.024245,11
2026-03-01,2026-03-31,"Video 15 segundos",not_delivering,17341,video_thruplay_watched_actions,0.01152356,200,Total,199.83,45367,3167,2026-03-31,"7 días tras clic o 1 día tras visualización",0,ABSOLUTE_OCPM,2026-03-10T10:39:01-0500,"Por debajo del promedio - 35% de los anuncios menos relevantes","Por debajo del promedio - 35% de los anuncios menos relevantes","Por debajo del promedio - 35% de los anuncios menos relevantes","[Depilé] Video 15 segundos - Solo seguidores",4.404744,14.324913,480
